custom_site_id,lon,lat,vs30,z1pt0,z2pt5,vs30measured,backarc;;;;;;;;;;;;;;;;;;;;;
1001,-70.7,-18.6,760,100,5,1,0;;;;;;1001;,;-70.7;,;-18.6;,;760;,;100;,;5;,;1;,;0;1001,-70.7,-18.6,760,100,5,1,0
1002,-70.3,-18.6,760,100,5,1,0;;;;;;1002;,;-70.3;,;-18.6;,;760;,;100;,;5;,;1;,;0;1002,-70.3,-18.6,760,100,5,1,0
1003,-69.9,-18.6,760,100,5,1,0;;;;;;1003;,;-69.9;,;-18.6;,;760;,;100;,;5;,;1;,;0;1003,-69.9,-18.6,760,100,5,1,0
1004,-71.1,-18.2,760,100,5,1,0;;;;;;1004;,;-71.1;,;-18.2;,;760;,;100;,;5;,;1;,;0;1004,-71.1,-18.2,760,100,5,1,0
1005,-70.7,-18.2,760,100,5,1,0;;;;;;1005;,;-70.7;,;-18.2;,;760;,;100;,;5;,;1;,;0;1005,-70.7,-18.2,760,100,5,1,0
1006,-70.3,-18.2,760,100,5,1,0;;;;;;1006;,;-70.3;,;-18.2;,;760;,;100;,;5;,;1;,;0;1006,-70.3,-18.2,760,100,5,1,0
1007,-69.9,-18.2,760,100,5,1,0;;;;;;1007;,;-69.9;,;-18.2;,;760;,;100;,;5;,;1;,;0;1007,-69.9,-18.2,760,100,5,1,0
1008,-69.5,-18.2,760,100,5,1,0;;;;;;1008;,;-69.5;,;-18.2;,;760;,;100;,;5;,;1;,;0;1008,-69.5,-18.2,760,100,5,1,0
1009,-71.5,-17.8,760,100,5,1,0;;;;;;1009;,;-71.5;,;-17.8;,;760;,;100;,;5;,;1;,;0;1009,-71.5,-17.8,760,100,5,1,0
1010,-71.1,-17.8,760,100,5,1,0;;;;;;1010;,;-71.1;,;-17.8;,;760;,;100;,;5;,;1;,;0;1010,-71.1,-17.8,760,100,5,1,0
1011,-70.7,-17.8,760,100,5,1,0;;;;;;1011;,;-70.7;,;-17.8;,;760;,;100;,;5;,;1;,;0;1011,-70.7,-17.8,760,100,5,1,0
1012,-70.3,-17.8,760,100,5,1,0;;;;;;1012;,;-70.3;,;-17.8;,;760;,;100;,;5;,;1;,;0;1012,-70.3,-17.8,760,100,5,1,0
1013,-69.9,-17.8,760,100,5,1,0;;;;;;1013;,;-69.9;,;-17.8;,;760;,;100;,;5;,;1;,;0;1013,-69.9,-17.8,760,100,5,1,0
1014,-69.5,-17.8,760,100,5,1,0;;;;;;1014;,;-69.5;,;-17.8;,;760;,;100;,;5;,;1;,;0;1014,-69.5,-17.8,760,100,5,1,0
1015,-69.1,-17.8,760,100,5,1,0;;;;;;1015;,;-69.1;,;-17.8;,;760;,;100;,;5;,;1;,;0;1015,-69.1,-17.8,760,100,5,1,0
1016,-71.9,-17.4,760,100,5,1,0;;;;;;1016;,;-71.9;,;-17.4;,;760;,;100;,;5;,;1;,;0;1016,-71.9,-17.4,760,100,5,1,0
1017,-71.5,-17.4,760,100,5,1,0;;;;;;1017;,;-71.5;,;-17.4;,;760;,;100;,;5;,;1;,;0;1017,-71.5,-17.4,760,100,5,1,0
1018,-71.1,-17.4,760,100,5,1,0;;;;;;1018;,;-71.1;,;-17.4;,;760;,;100;,;5;,;1;,;0;1018,-71.1,-17.4,760,100,5,1,0
1019,-70.7,-17.4,760,100,5,1,0;;;;;;1019;,;-70.7;,;-17.4;,;760;,;100;,;5;,;1;,;0;1019,-70.7,-17.4,760,100,5,1,0
1020,-70.3,-17.4,760,100,5,1,0;;;;;;1020;,;-70.3;,;-17.4;,;760;,;100;,;5;,;1;,;0;1020,-70.3,-17.4,760,100,5,1,0
1021,-69.9,-17.4,760,100,5,1,0;;;;;;1021;,;-69.9;,;-17.4;,;760;,;100;,;5;,;1;,;0;1021,-69.9,-17.4,760,100,5,1,0
1022,-69.5,-17.4,760,100,5,1,0;;;;;;1022;,;-69.5;,;-17.4;,;760;,;100;,;5;,;1;,;0;1022,-69.5,-17.4,760,100,5,1,0
1023,-69.1,-17.4,760,100,5,1,0;;;;;;1023;,;-69.1;,;-17.4;,;760;,;100;,;5;,;1;,;0;1023,-69.1,-17.4,760,100,5,1,0
1024,-72.7,-17,760,100,5,1,0;;;;;;1024;,;-72.7;,;-17;,;760;,;100;,;5;,;1;,;0;1024,-72.7,-17,760,100,5,1,0
1025,-72.3,-17,760,100,5,1,0;;;;;;1025;,;-72.3;,;-17;,;760;,;100;,;5;,;1;,;0;1025,-72.3,-17,760,100,5,1,0
1026,-71.9,-17,760,100,5,1,0;;;;;;1026;,;-71.9;,;-17;,;760;,;100;,;5;,;1;,;0;1026,-71.9,-17,760,100,5,1,0
1027,-71.5,-17,760,100,5,1,0;;;;;;1027;,;-71.5;,;-17;,;760;,;100;,;5;,;1;,;0;1027,-71.5,-17,760,100,5,1,0
1028,-71.1,-17,760,100,5,1,0;;;;;;1028;,;-71.1;,;-17;,;760;,;100;,;5;,;1;,;0;1028,-71.1,-17,760,100,5,1,0
1029,-70.7,-17,760,100,5,1,0;;;;;;1029;,;-70.7;,;-17;,;760;,;100;,;5;,;1;,;0;1029,-70.7,-17,760,100,5,1,0
1030,-70.3,-17,760,100,5,1,0;;;;;;1030;,;-70.3;,;-17;,;760;,;100;,;5;,;1;,;0;1030,-70.3,-17,760,100,5,1,0
1031,-69.9,-17,760,100,5,1,0;;;;;;1031;,;-69.9;,;-17;,;760;,;100;,;5;,;1;,;0;1031,-69.9,-17,760,100,5,1,0
1032,-69.5,-17,760,100,5,1,0;;;;;;1032;,;-69.5;,;-17;,;760;,;100;,;5;,;1;,;0;1032,-69.5,-17,760,100,5,1,0
1033,-69.1,-17,760,100,5,1,0;;;;;;1033;,;-69.1;,;-17;,;760;,;100;,;5;,;1;,;0;1033,-69.1,-17,760,100,5,1,0
1034,-68.7,-17,760,100,5,1,0;;;;;;1034;,;-68.7;,;-17;,;760;,;100;,;5;,;1;,;0;1034,-68.7,-17,760,100,5,1,0
1035,-73.9,-16.6,760,100,5,1,0;;;;;;1035;,;-73.9;,;-16.6;,;760;,;100;,;5;,;1;,;0;1035,-73.9,-16.6,760,100,5,1,0
1036,-73.5,-16.6,760,100,5,1,0;;;;;;1036;,;-73.5;,;-16.6;,;760;,;100;,;5;,;1;,;0;1036,-73.5,-16.6,760,100,5,1,0
1037,-73.1,-16.6,760,100,5,1,0;;;;;;1037;,;-73.1;,;-16.6;,;760;,;100;,;5;,;1;,;0;1037,-73.1,-16.6,760,100,5,1,0
1038,-72.7,-16.6,760,100,5,1,0;;;;;;1038;,;-72.7;,;-16.6;,;760;,;100;,;5;,;1;,;0;1038,-72.7,-16.6,760,100,5,1,0
1039,-72.3,-16.6,760,100,5,1,0;;;;;;1039;,;-72.3;,;-16.6;,;760;,;100;,;5;,;1;,;0;1039,-72.3,-16.6,760,100,5,1,0
1040,-71.9,-16.6,760,100,5,1,0;;;;;;1040;,;-71.9;,;-16.6;,;760;,;100;,;5;,;1;,;0;1040,-71.9,-16.6,760,100,5,1,0
1041,-71.5,-16.6,760,100,5,1,0;;;;;;1041;,;-71.5;,;-16.6;,;760;,;100;,;5;,;1;,;0;1041,-71.5,-16.6,760,100,5,1,0
1042,-71.1,-16.6,760,100,5,1,0;;;;;;1042;,;-71.1;,;-16.6;,;760;,;100;,;5;,;1;,;0;1042,-71.1,-16.6,760,100,5,1,0
1043,-70.7,-16.6,760,100,5,1,0;;;;;;1043;,;-70.7;,;-16.6;,;760;,;100;,;5;,;1;,;0;1043,-70.7,-16.6,760,100,5,1,0
1044,-70.3,-16.6,760,100,5,1,0;;;;;;1044;,;-70.3;,;-16.6;,;760;,;100;,;5;,;1;,;0;1044,-70.3,-16.6,760,100,5,1,0
1045,-69.9,-16.6,760,100,5,1,0;;;;;;1045;,;-69.9;,;-16.6;,;760;,;100;,;5;,;1;,;0;1045,-69.9,-16.6,760,100,5,1,0
1046,-69.5,-16.6,760,100,5,1,0;;;;;;1046;,;-69.5;,;-16.6;,;760;,;100;,;5;,;1;,;0;1046,-69.5,-16.6,760,100,5,1,0
1047,-69.1,-16.6,760,100,5,1,0;;;;;;1047;,;-69.1;,;-16.6;,;760;,;100;,;5;,;1;,;0;1047,-69.1,-16.6,760,100,5,1,0
1048,-68.7,-16.6,760,100,5,1,0;;;;;;1048;,;-68.7;,;-16.6;,;760;,;100;,;5;,;1;,;0;1048,-68.7,-16.6,760,100,5,1,0
1049,-74.3,-16.2,760,100,5,1,0;;;;;;1049;,;-74.3;,;-16.2;,;760;,;100;,;5;,;1;,;0;1049,-74.3,-16.2,760,100,5,1,0
1050,-73.9,-16.2,760,100,5,1,0;;;;;;1050;,;-73.9;,;-16.2;,;760;,;100;,;5;,;1;,;0;1050,-73.9,-16.2,760,100,5,1,0
1051,-73.5,-16.2,760,100,5,1,0;;;;;;1051;,;-73.5;,;-16.2;,;760;,;100;,;5;,;1;,;0;1051,-73.5,-16.2,760,100,5,1,0
1052,-73.1,-16.2,760,100,5,1,0;;;;;;1052;,;-73.1;,;-16.2;,;760;,;100;,;5;,;1;,;0;1052,-73.1,-16.2,760,100,5,1,0
1053,-72.7,-16.2,760,100,5,1,0;;;;;;1053;,;-72.7;,;-16.2;,;760;,;100;,;5;,;1;,;0;1053,-72.7,-16.2,760,100,5,1,0
1054,-72.3,-16.2,760,100,5,1,0;;;;;;1054;,;-72.3;,;-16.2;,;760;,;100;,;5;,;1;,;0;1054,-72.3,-16.2,760,100,5,1,0
1055,-71.9,-16.2,760,100,5,1,0;;;;;;1055;,;-71.9;,;-16.2;,;760;,;100;,;5;,;1;,;0;1055,-71.9,-16.2,760,100,5,1,0
1056,-71.5,-16.2,760,100,5,1,0;;;;;;1056;,;-71.5;,;-16.2;,;760;,;100;,;5;,;1;,;0;1056,-71.5,-16.2,760,100,5,1,0
1057,-71.1,-16.2,760,100,5,1,0;;;;;;1057;,;-71.1;,;-16.2;,;760;,;100;,;5;,;1;,;0;1057,-71.1,-16.2,760,100,5,1,0
1058,-70.7,-16.2,760,100,5,1,0;;;;;;1058;,;-70.7;,;-16.2;,;760;,;100;,;5;,;1;,;0;1058,-70.7,-16.2,760,100,5,1,0
1059,-70.3,-16.2,760,100,5,1,0;;;;;;1059;,;-70.3;,;-16.2;,;760;,;100;,;5;,;1;,;0;1059,-70.3,-16.2,760,100,5,1,0
1060,-69.9,-16.2,760,100,5,1,0;;;;;;1060;,;-69.9;,;-16.2;,;760;,;100;,;5;,;1;,;0;1060,-69.9,-16.2,760,100,5,1,0
1061,-69.5,-16.2,760,100,5,1,0;;;;;;1061;,;-69.5;,;-16.2;,;760;,;100;,;5;,;1;,;0;1061,-69.5,-16.2,760,100,5,1,0
1062,-69.1,-16.2,760,100,5,1,0;;;;;;1062;,;-69.1;,;-16.2;,;760;,;100;,;5;,;1;,;0;1062,-69.1,-16.2,760,100,5,1,0
1063,-68.7,-16.2,760,100,5,1,0;;;;;;1063;,;-68.7;,;-16.2;,;760;,;100;,;5;,;1;,;0;1063,-68.7,-16.2,760,100,5,1,0
1064,-68.3,-16.2,760,100,5,1,0;;;;;;1064;,;-68.3;,;-16.2;,;760;,;100;,;5;,;1;,;0;1064,-68.3,-16.2,760,100,5,1,0
1065,-75.1,-15.8,760,100,5,1,0;;;;;;1065;,;-75.1;,;-15.8;,;760;,;100;,;5;,;1;,;0;1065,-75.1,-15.8,760,100,5,1,0
1066,-74.7,-15.8,760,100,5,1,0;;;;;;1066;,;-74.7;,;-15.8;,;760;,;100;,;5;,;1;,;0;1066,-74.7,-15.8,760,100,5,1,0
1067,-74.3,-15.8,760,100,5,1,0;;;;;;1067;,;-74.3;,;-15.8;,;760;,;100;,;5;,;1;,;0;1067,-74.3,-15.8,760,100,5,1,0
1068,-73.9,-15.8,760,100,5,1,0;;;;;;1068;,;-73.9;,;-15.8;,;760;,;100;,;5;,;1;,;0;1068,-73.9,-15.8,760,100,5,1,0
1069,-73.5,-15.8,760,100,5,1,0;;;;;;1069;,;-73.5;,;-15.8;,;760;,;100;,;5;,;1;,;0;1069,-73.5,-15.8,760,100,5,1,0
1070,-73.1,-15.8,760,100,5,1,0;;;;;;1070;,;-73.1;,;-15.8;,;760;,;100;,;5;,;1;,;0;1070,-73.1,-15.8,760,100,5,1,0
1071,-72.7,-15.8,760,100,5,1,0;;;;;;1071;,;-72.7;,;-15.8;,;760;,;100;,;5;,;1;,;0;1071,-72.7,-15.8,760,100,5,1,0
1072,-72.3,-15.8,760,100,5,1,0;;;;;;1072;,;-72.3;,;-15.8;,;760;,;100;,;5;,;1;,;0;1072,-72.3,-15.8,760,100,5,1,0
1073,-71.9,-15.8,760,100,5,1,0;;;;;;1073;,;-71.9;,;-15.8;,;760;,;100;,;5;,;1;,;0;1073,-71.9,-15.8,760,100,5,1,0
1074,-71.5,-15.8,760,100,5,1,0;;;;;;1074;,;-71.5;,;-15.8;,;760;,;100;,;5;,;1;,;0;1074,-71.5,-15.8,760,100,5,1,0
1075,-71.1,-15.8,760,100,5,1,0;;;;;;1075;,;-71.1;,;-15.8;,;760;,;100;,;5;,;1;,;0;1075,-71.1,-15.8,760,100,5,1,0
1076,-70.7,-15.8,760,100,5,1,0;;;;;;1076;,;-70.7;,;-15.8;,;760;,;100;,;5;,;1;,;0;1076,-70.7,-15.8,760,100,5,1,0
1077,-70.3,-15.8,760,100,5,1,0;;;;;;1077;,;-70.3;,;-15.8;,;760;,;100;,;5;,;1;,;0;1077,-70.3,-15.8,760,100,5,1,0
1078,-69.9,-15.8,760,100,5,1,0;;;;;;1078;,;-69.9;,;-15.8;,;760;,;100;,;5;,;1;,;0;1078,-69.9,-15.8,760,100,5,1,0
1079,-69.5,-15.8,760,100,5,1,0;;;;;;1079;,;-69.5;,;-15.8;,;760;,;100;,;5;,;1;,;0;1079,-69.5,-15.8,760,100,5,1,0
1080,-69.1,-15.8,760,100,5,1,0;;;;;;1080;,;-69.1;,;-15.8;,;760;,;100;,;5;,;1;,;0;1080,-69.1,-15.8,760,100,5,1,0
1081,-68.7,-15.8,760,100,5,1,0;;;;;;1081;,;-68.7;,;-15.8;,;760;,;100;,;5;,;1;,;0;1081,-68.7,-15.8,760,100,5,1,0
1082,-75.5,-15.4,760,100,5,1,0;;;;;;1082;,;-75.5;,;-15.4;,;760;,;100;,;5;,;1;,;0;1082,-75.5,-15.4,760,100,5,1,0
1083,-75.1,-15.4,760,100,5,1,0;;;;;;1083;,;-75.1;,;-15.4;,;760;,;100;,;5;,;1;,;0;1083,-75.1,-15.4,760,100,5,1,0
1084,-74.7,-15.4,760,100,5,1,0;;;;;;1084;,;-74.7;,;-15.4;,;760;,;100;,;5;,;1;,;0;1084,-74.7,-15.4,760,100,5,1,0
1085,-74.3,-15.4,760,100,5,1,0;;;;;;1085;,;-74.3;,;-15.4;,;760;,;100;,;5;,;1;,;0;1085,-74.3,-15.4,760,100,5,1,0
1086,-73.9,-15.4,760,100,5,1,0;;;;;;1086;,;-73.9;,;-15.4;,;760;,;100;,;5;,;1;,;0;1086,-73.9,-15.4,760,100,5,1,0
1087,-73.5,-15.4,760,100,5,1,0;;;;;;1087;,;-73.5;,;-15.4;,;760;,;100;,;5;,;1;,;0;1087,-73.5,-15.4,760,100,5,1,0
1088,-73.1,-15.4,760,100,5,1,0;;;;;;1088;,;-73.1;,;-15.4;,;760;,;100;,;5;,;1;,;0;1088,-73.1,-15.4,760,100,5,1,0
1089,-72.7,-15.4,760,100,5,1,0;;;;;;1089;,;-72.7;,;-15.4;,;760;,;100;,;5;,;1;,;0;1089,-72.7,-15.4,760,100,5,1,0
1090,-72.3,-15.4,760,100,5,1,0;;;;;;1090;,;-72.3;,;-15.4;,;760;,;100;,;5;,;1;,;0;1090,-72.3,-15.4,760,100,5,1,0
1091,-71.9,-15.4,760,100,5,1,0;;;;;;1091;,;-71.9;,;-15.4;,;760;,;100;,;5;,;1;,;0;1091,-71.9,-15.4,760,100,5,1,0
1092,-71.5,-15.4,760,100,5,1,0;;;;;;1092;,;-71.5;,;-15.4;,;760;,;100;,;5;,;1;,;0;1092,-71.5,-15.4,760,100,5,1,0
1093,-71.1,-15.4,760,100,5,1,0;;;;;;1093;,;-71.1;,;-15.4;,;760;,;100;,;5;,;1;,;0;1093,-71.1,-15.4,760,100,5,1,0
1094,-70.7,-15.4,760,100,5,1,0;;;;;;1094;,;-70.7;,;-15.4;,;760;,;100;,;5;,;1;,;0;1094,-70.7,-15.4,760,100,5,1,0
1095,-70.3,-15.4,760,100,5,1,0;;;;;;1095;,;-70.3;,;-15.4;,;760;,;100;,;5;,;1;,;0;1095,-70.3,-15.4,760,100,5,1,0
1096,-69.9,-15.4,760,100,5,1,0;;;;;;1096;,;-69.9;,;-15.4;,;760;,;100;,;5;,;1;,;0;1096,-69.9,-15.4,760,100,5,1,0
1097,-69.5,-15.4,760,100,5,1,0;;;;;;1097;,;-69.5;,;-15.4;,;760;,;100;,;5;,;1;,;0;1097,-69.5,-15.4,760,100,5,1,0
1098,-69.1,-15.4,760,100,5,1,0;;;;;;1098;,;-69.1;,;-15.4;,;760;,;100;,;5;,;1;,;0;1098,-69.1,-15.4,760,100,5,1,0
1099,-68.7,-15.4,760,100,5,1,0;;;;;;1099;,;-68.7;,;-15.4;,;760;,;100;,;5;,;1;,;0;1099,-68.7,-15.4,760,100,5,1,0
1100,-75.9,-15,760,100,5,1,0;;;;;;1100;,;-75.9;,;-15;,;760;,;100;,;5;,;1;,;0;1100,-75.9,-15,760,100,5,1,0
1101,-75.5,-15,760,100,5,1,0;;;;;;1101;,;-75.5;,;-15;,;760;,;100;,;5;,;1;,;0;1101,-75.5,-15,760,100,5,1,0
1102,-75.1,-15,760,100,5,1,0;;;;;;1102;,;-75.1;,;-15;,;760;,;100;,;5;,;1;,;0;1102,-75.1,-15,760,100,5,1,0
1103,-74.7,-15,760,100,5,1,0;;;;;;1103;,;-74.7;,;-15;,;760;,;100;,;5;,;1;,;0;1103,-74.7,-15,760,100,5,1,0
1104,-74.3,-15,760,100,5,1,0;;;;;;1104;,;-74.3;,;-15;,;760;,;100;,;5;,;1;,;0;1104,-74.3,-15,760,100,5,1,0
1105,-73.9,-15,760,100,5,1,0;;;;;;1105;,;-73.9;,;-15;,;760;,;100;,;5;,;1;,;0;1105,-73.9,-15,760,100,5,1,0
1106,-73.5,-15,760,100,5,1,0;;;;;;1106;,;-73.5;,;-15;,;760;,;100;,;5;,;1;,;0;1106,-73.5,-15,760,100,5,1,0
1107,-73.1,-15,760,100,5,1,0;;;;;;1107;,;-73.1;,;-15;,;760;,;100;,;5;,;1;,;0;1107,-73.1,-15,760,100,5,1,0
1108,-72.7,-15,760,100,5,1,0;;;;;;1108;,;-72.7;,;-15;,;760;,;100;,;5;,;1;,;0;1108,-72.7,-15,760,100,5,1,0
1109,-72.3,-15,760,100,5,1,0;;;;;;1109;,;-72.3;,;-15;,;760;,;100;,;5;,;1;,;0;1109,-72.3,-15,760,100,5,1,0
1110,-71.9,-15,760,100,5,1,0;;;;;;1110;,;-71.9;,;-15;,;760;,;100;,;5;,;1;,;0;1110,-71.9,-15,760,100,5,1,0
1111,-71.5,-15,760,100,5,1,0;;;;;;1111;,;-71.5;,;-15;,;760;,;100;,;5;,;1;,;0;1111,-71.5,-15,760,100,5,1,0
1112,-71.1,-15,760,100,5,1,0;;;;;;1112;,;-71.1;,;-15;,;760;,;100;,;5;,;1;,;0;1112,-71.1,-15,760,100,5,1,0
1113,-70.7,-15,760,100,5,1,0;;;;;;1113;,;-70.7;,;-15;,;760;,;100;,;5;,;1;,;0;1113,-70.7,-15,760,100,5,1,0
1114,-70.3,-15,760,100,5,1,0;;;;;;1114;,;-70.3;,;-15;,;760;,;100;,;5;,;1;,;0;1114,-70.3,-15,760,100,5,1,0
1115,-69.9,-15,760,100,5,1,0;;;;;;1115;,;-69.9;,;-15;,;760;,;100;,;5;,;1;,;0;1115,-69.9,-15,760,100,5,1,0
1116,-69.5,-15,760,100,5,1,0;;;;;;1116;,;-69.5;,;-15;,;760;,;100;,;5;,;1;,;0;1116,-69.5,-15,760,100,5,1,0
1117,-69.1,-15,760,100,5,1,0;;;;;;1117;,;-69.1;,;-15;,;760;,;100;,;5;,;1;,;0;1117,-69.1,-15,760,100,5,1,0
1118,-68.7,-15,760,100,5,1,0;;;;;;1118;,;-68.7;,;-15;,;760;,;100;,;5;,;1;,;0;1118,-68.7,-15,760,100,5,1,0
1119,-76.3,-14.6,760,100,5,1,0;;;;;;1119;,;-76.3;,;-14.6;,;760;,;100;,;5;,;1;,;0;1119,-76.3,-14.6,760,100,5,1,0
1120,-75.9,-14.6,760,100,5,1,0;;;;;;1120;,;-75.9;,;-14.6;,;760;,;100;,;5;,;1;,;0;1120,-75.9,-14.6,760,100,5,1,0
1121,-75.5,-14.6,760,100,5,1,0;;;;;;1121;,;-75.5;,;-14.6;,;760;,;100;,;5;,;1;,;0;1121,-75.5,-14.6,760,100,5,1,0
1122,-75.1,-14.6,760,100,5,1,0;;;;;;1122;,;-75.1;,;-14.6;,;760;,;100;,;5;,;1;,;0;1122,-75.1,-14.6,760,100,5,1,0
1123,-74.7,-14.6,760,100,5,1,0;;;;;;1123;,;-74.7;,;-14.6;,;760;,;100;,;5;,;1;,;0;1123,-74.7,-14.6,760,100,5,1,0
1124,-74.3,-14.6,760,100,5,1,0;;;;;;1124;,;-74.3;,;-14.6;,;760;,;100;,;5;,;1;,;0;1124,-74.3,-14.6,760,100,5,1,0
1125,-73.9,-14.6,760,100,5,1,0;;;;;;1125;,;-73.9;,;-14.6;,;760;,;100;,;5;,;1;,;0;1125,-73.9,-14.6,760,100,5,1,0
1126,-73.5,-14.6,760,100,5,1,0;;;;;;1126;,;-73.5;,;-14.6;,;760;,;100;,;5;,;1;,;0;1126,-73.5,-14.6,760,100,5,1,0
1127,-73.1,-14.6,760,100,5,1,0;;;;;;1127;,;-73.1;,;-14.6;,;760;,;100;,;5;,;1;,;0;1127,-73.1,-14.6,760,100,5,1,0
1128,-72.7,-14.6,760,100,5,1,0;;;;;;1128;,;-72.7;,;-14.6;,;760;,;100;,;5;,;1;,;0;1128,-72.7,-14.6,760,100,5,1,0
1129,-72.3,-14.6,760,100,5,1,0;;;;;;1129;,;-72.3;,;-14.6;,;760;,;100;,;5;,;1;,;0;1129,-72.3,-14.6,760,100,5,1,0
1130,-71.9,-14.6,760,100,5,1,0;;;;;;1130;,;-71.9;,;-14.6;,;760;,;100;,;5;,;1;,;0;1130,-71.9,-14.6,760,100,5,1,0
1131,-71.5,-14.6,760,100,5,1,0;;;;;;1131;,;-71.5;,;-14.6;,;760;,;100;,;5;,;1;,;0;1131,-71.5,-14.6,760,100,5,1,0
1132,-71.1,-14.6,760,100,5,1,0;;;;;;1132;,;-71.1;,;-14.6;,;760;,;100;,;5;,;1;,;0;1132,-71.1,-14.6,760,100,5,1,0
1133,-70.7,-14.6,760,100,5,1,0;;;;;;1133;,;-70.7;,;-14.6;,;760;,;100;,;5;,;1;,;0;1133,-70.7,-14.6,760,100,5,1,0
1134,-70.3,-14.6,760,100,5,1,0;;;;;;1134;,;-70.3;,;-14.6;,;760;,;100;,;5;,;1;,;0;1134,-70.3,-14.6,760,100,5,1,0
1135,-69.9,-14.6,760,100,5,1,0;;;;;;1135;,;-69.9;,;-14.6;,;760;,;100;,;5;,;1;,;0;1135,-69.9,-14.6,760,100,5,1,0
1136,-69.5,-14.6,760,100,5,1,0;;;;;;1136;,;-69.5;,;-14.6;,;760;,;100;,;5;,;1;,;0;1136,-69.5,-14.6,760,100,5,1,0
1137,-69.1,-14.6,760,100,5,1,0;;;;;;1137;,;-69.1;,;-14.6;,;760;,;100;,;5;,;1;,;0;1137,-69.1,-14.6,760,100,5,1,0
1138,-68.7,-14.6,760,100,5,1,0;;;;;;1138;,;-68.7;,;-14.6;,;760;,;100;,;5;,;1;,;0;1138,-68.7,-14.6,760,100,5,1,0
1139,-76.3,-14.2,760,100,5,1,0;;;;;;1139;,;-76.3;,;-14.2;,;760;,;100;,;5;,;1;,;0;1139,-76.3,-14.2,760,100,5,1,0
1140,-75.9,-14.2,760,100,5,1,0;;;;;;1140;,;-75.9;,;-14.2;,;760;,;100;,;5;,;1;,;0;1140,-75.9,-14.2,760,100,5,1,0
1141,-75.5,-14.2,760,100,5,1,0;;;;;;1141;,;-75.5;,;-14.2;,;760;,;100;,;5;,;1;,;0;1141,-75.5,-14.2,760,100,5,1,0
1142,-75.1,-14.2,760,100,5,1,0;;;;;;1142;,;-75.1;,;-14.2;,;760;,;100;,;5;,;1;,;0;1142,-75.1,-14.2,760,100,5,1,0
1143,-74.7,-14.2,760,100,5,1,0;;;;;;1143;,;-74.7;,;-14.2;,;760;,;100;,;5;,;1;,;0;1143,-74.7,-14.2,760,100,5,1,0
1144,-74.3,-14.2,760,100,5,1,0;;;;;;1144;,;-74.3;,;-14.2;,;760;,;100;,;5;,;1;,;0;1144,-74.3,-14.2,760,100,5,1,0
1145,-73.9,-14.2,760,100,5,1,0;;;;;;1145;,;-73.9;,;-14.2;,;760;,;100;,;5;,;1;,;0;1145,-73.9,-14.2,760,100,5,1,0
1146,-73.5,-14.2,760,100,5,1,0;;;;;;1146;,;-73.5;,;-14.2;,;760;,;100;,;5;,;1;,;0;1146,-73.5,-14.2,760,100,5,1,0
1147,-73.1,-14.2,760,100,5,1,0;;;;;;1147;,;-73.1;,;-14.2;,;760;,;100;,;5;,;1;,;0;1147,-73.1,-14.2,760,100,5,1,0
1148,-72.7,-14.2,760,100,5,1,0;;;;;;1148;,;-72.7;,;-14.2;,;760;,;100;,;5;,;1;,;0;1148,-72.7,-14.2,760,100,5,1,0
1149,-72.3,-14.2,760,100,5,1,0;;;;;;1149;,;-72.3;,;-14.2;,;760;,;100;,;5;,;1;,;0;1149,-72.3,-14.2,760,100,5,1,0
1150,-71.9,-14.2,760,100,5,1,0;;;;;;1150;,;-71.9;,;-14.2;,;760;,;100;,;5;,;1;,;0;1150,-71.9,-14.2,760,100,5,1,0
1151,-71.5,-14.2,760,100,5,1,0;;;;;;1151;,;-71.5;,;-14.2;,;760;,;100;,;5;,;1;,;0;1151,-71.5,-14.2,760,100,5,1,0
1152,-71.1,-14.2,760,100,5,1,0;;;;;;1152;,;-71.1;,;-14.2;,;760;,;100;,;5;,;1;,;0;1152,-71.1,-14.2,760,100,5,1,0
1153,-70.7,-14.2,760,100,5,1,0;;;;;;1153;,;-70.7;,;-14.2;,;760;,;100;,;5;,;1;,;0;1153,-70.7,-14.2,760,100,5,1,0
1154,-70.3,-14.2,760,100,5,1,0;;;;;;1154;,;-70.3;,;-14.2;,;760;,;100;,;5;,;1;,;0;1154,-70.3,-14.2,760,100,5,1,0
1155,-69.9,-14.2,760,100,5,1,0;;;;;;1155;,;-69.9;,;-14.2;,;760;,;100;,;5;,;1;,;0;1155,-69.9,-14.2,760,100,5,1,0
1156,-69.5,-14.2,760,100,5,1,0;;;;;;1156;,;-69.5;,;-14.2;,;760;,;100;,;5;,;1;,;0;1156,-69.5,-14.2,760,100,5,1,0
1157,-69.1,-14.2,760,100,5,1,0;;;;;;1157;,;-69.1;,;-14.2;,;760;,;100;,;5;,;1;,;0;1157,-69.1,-14.2,760,100,5,1,0
1158,-68.7,-14.2,760,100,5,1,0;;;;;;1158;,;-68.7;,;-14.2;,;760;,;100;,;5;,;1;,;0;1158,-68.7,-14.2,760,100,5,1,0
1159,-68.3,-14.2,760,100,5,1,0;;;;;;1159;,;-68.3;,;-14.2;,;760;,;100;,;5;,;1;,;0;1159,-68.3,-14.2,760,100,5,1,0
1160,-76.7,-13.8,760,100,5,1,0;;;;;;1160;,;-76.7;,;-13.8;,;760;,;100;,;5;,;1;,;0;1160,-76.7,-13.8,760,100,5,1,0
1161,-76.3,-13.8,760,100,5,1,0;;;;;;1161;,;-76.3;,;-13.8;,;760;,;100;,;5;,;1;,;0;1161,-76.3,-13.8,760,100,5,1,0
1162,-75.9,-13.8,760,100,5,1,0;;;;;;1162;,;-75.9;,;-13.8;,;760;,;100;,;5;,;1;,;0;1162,-75.9,-13.8,760,100,5,1,0
1163,-75.5,-13.8,760,100,5,1,0;;;;;;1163;,;-75.5;,;-13.8;,;760;,;100;,;5;,;1;,;0;1163,-75.5,-13.8,760,100,5,1,0
1164,-75.1,-13.8,760,100,5,1,0;;;;;;1164;,;-75.1;,;-13.8;,;760;,;100;,;5;,;1;,;0;1164,-75.1,-13.8,760,100,5,1,0
1165,-74.7,-13.8,760,100,5,1,0;;;;;;1165;,;-74.7;,;-13.8;,;760;,;100;,;5;,;1;,;0;1165,-74.7,-13.8,760,100,5,1,0
1166,-74.3,-13.8,760,100,5,1,0;;;;;;1166;,;-74.3;,;-13.8;,;760;,;100;,;5;,;1;,;0;1166,-74.3,-13.8,760,100,5,1,0
1167,-73.9,-13.8,760,100,5,1,0;;;;;;1167;,;-73.9;,;-13.8;,;760;,;100;,;5;,;1;,;0;1167,-73.9,-13.8,760,100,5,1,0
1168,-73.5,-13.8,760,100,5,1,0;;;;;;1168;,;-73.5;,;-13.8;,;760;,;100;,;5;,;1;,;0;1168,-73.5,-13.8,760,100,5,1,0
1169,-73.1,-13.8,760,100,5,1,0;;;;;;1169;,;-73.1;,;-13.8;,;760;,;100;,;5;,;1;,;0;1169,-73.1,-13.8,760,100,5,1,0
1170,-72.7,-13.8,760,100,5,1,0;;;;;;1170;,;-72.7;,;-13.8;,;760;,;100;,;5;,;1;,;0;1170,-72.7,-13.8,760,100,5,1,0
1171,-72.3,-13.8,760,100,5,1,0;;;;;;1171;,;-72.3;,;-13.8;,;760;,;100;,;5;,;1;,;0;1171,-72.3,-13.8,760,100,5,1,0
1172,-71.9,-13.8,760,100,5,1,0;;;;;;1172;,;-71.9;,;-13.8;,;760;,;100;,;5;,;1;,;0;1172,-71.9,-13.8,760,100,5,1,0
1173,-71.5,-13.8,760,100,5,1,0;;;;;;1173;,;-71.5;,;-13.8;,;760;,;100;,;5;,;1;,;0;1173,-71.5,-13.8,760,100,5,1,0
1174,-71.1,-13.8,760,100,5,1,0;;;;;;1174;,;-71.1;,;-13.8;,;760;,;100;,;5;,;1;,;0;1174,-71.1,-13.8,760,100,5,1,0
1175,-70.7,-13.8,760,100,5,1,0;;;;;;1175;,;-70.7;,;-13.8;,;760;,;100;,;5;,;1;,;0;1175,-70.7,-13.8,760,100,5,1,0
1176,-70.3,-13.8,760,100,5,1,0;;;;;;1176;,;-70.3;,;-13.8;,;760;,;100;,;5;,;1;,;0;1176,-70.3,-13.8,760,100,5,1,0
1177,-69.9,-13.8,760,100,5,1,0;;;;;;1177;,;-69.9;,;-13.8;,;760;,;100;,;5;,;1;,;0;1177,-69.9,-13.8,760,100,5,1,0
1178,-69.5,-13.8,760,100,5,1,0;;;;;;1178;,;-69.5;,;-13.8;,;760;,;100;,;5;,;1;,;0;1178,-69.5,-13.8,760,100,5,1,0
1179,-69.1,-13.8,760,100,5,1,0;;;;;;1179;,;-69.1;,;-13.8;,;760;,;100;,;5;,;1;,;0;1179,-69.1,-13.8,760,100,5,1,0
1180,-68.7,-13.8,760,100,5,1,0;;;;;;1180;,;-68.7;,;-13.8;,;760;,;100;,;5;,;1;,;0;1180,-68.7,-13.8,760,100,5,1,0
1181,-76.3,-13.4,760,100,5,1,0;;;;;;1181;,;-76.3;,;-13.4;,;760;,;100;,;5;,;1;,;0;1181,-76.3,-13.4,760,100,5,1,0
1182,-75.9,-13.4,760,100,5,1,0;;;;;;1182;,;-75.9;,;-13.4;,;760;,;100;,;5;,;1;,;0;1182,-75.9,-13.4,760,100,5,1,0
1183,-75.5,-13.4,760,100,5,1,0;;;;;;1183;,;-75.5;,;-13.4;,;760;,;100;,;5;,;1;,;0;1183,-75.5,-13.4,760,100,5,1,0
1184,-75.1,-13.4,760,100,5,1,0;;;;;;1184;,;-75.1;,;-13.4;,;760;,;100;,;5;,;1;,;0;1184,-75.1,-13.4,760,100,5,1,0
1185,-74.7,-13.4,760,100,5,1,0;;;;;;1185;,;-74.7;,;-13.4;,;760;,;100;,;5;,;1;,;0;1185,-74.7,-13.4,760,100,5,1,0
1186,-74.3,-13.4,760,100,5,1,0;;;;;;1186;,;-74.3;,;-13.4;,;760;,;100;,;5;,;1;,;0;1186,-74.3,-13.4,760,100,5,1,0
1187,-73.9,-13.4,760,100,5,1,0;;;;;;1187;,;-73.9;,;-13.4;,;760;,;100;,;5;,;1;,;0;1187,-73.9,-13.4,760,100,5,1,0
1188,-73.5,-13.4,760,100,5,1,0;;;;;;1188;,;-73.5;,;-13.4;,;760;,;100;,;5;,;1;,;0;1188,-73.5,-13.4,760,100,5,1,0
1189,-73.1,-13.4,760,100,5,1,0;;;;;;1189;,;-73.1;,;-13.4;,;760;,;100;,;5;,;1;,;0;1189,-73.1,-13.4,760,100,5,1,0
1190,-72.7,-13.4,760,100,5,1,0;;;;;;1190;,;-72.7;,;-13.4;,;760;,;100;,;5;,;1;,;0;1190,-72.7,-13.4,760,100,5,1,0
1191,-72.3,-13.4,760,100,5,1,0;;;;;;1191;,;-72.3;,;-13.4;,;760;,;100;,;5;,;1;,;0;1191,-72.3,-13.4,760,100,5,1,0
1192,-71.9,-13.4,760,100,5,1,0;;;;;;1192;,;-71.9;,;-13.4;,;760;,;100;,;5;,;1;,;0;1192,-71.9,-13.4,760,100,5,1,0
1193,-71.5,-13.4,760,100,5,1,0;;;;;;1193;,;-71.5;,;-13.4;,;760;,;100;,;5;,;1;,;0;1193,-71.5,-13.4,760,100,5,1,0
1194,-71.1,-13.4,760,100,5,1,0;;;;;;1194;,;-71.1;,;-13.4;,;760;,;100;,;5;,;1;,;0;1194,-71.1,-13.4,760,100,5,1,0
1195,-70.7,-13.4,760,100,5,1,0;;;;;;1195;,;-70.7;,;-13.4;,;760;,;100;,;5;,;1;,;0;1195,-70.7,-13.4,760,100,5,1,0
1196,-70.3,-13.4,760,100,5,1,0;;;;;;1196;,;-70.3;,;-13.4;,;760;,;100;,;5;,;1;,;0;1196,-70.3,-13.4,760,100,5,1,0
1197,-69.9,-13.4,760,100,5,1,0;;;;;;1197;,;-69.9;,;-13.4;,;760;,;100;,;5;,;1;,;0;1197,-69.9,-13.4,760,100,5,1,0
1198,-69.5,-13.4,760,100,5,1,0;;;;;;1198;,;-69.5;,;-13.4;,;760;,;100;,;5;,;1;,;0;1198,-69.5,-13.4,760,100,5,1,0
1199,-69.1,-13.4,760,100,5,1,0;;;;;;1199;,;-69.1;,;-13.4;,;760;,;100;,;5;,;1;,;0;1199,-69.1,-13.4,760,100,5,1,0
1200,-68.7,-13.4,760,100,5,1,0;;;;;;1200;,;-68.7;,;-13.4;,;760;,;100;,;5;,;1;,;0;1200,-68.7,-13.4,760,100,5,1,0
1201,-76.7,-13,760,100,5,1,0;;;;;;1201;,;-76.7;,;-13;,;760;,;100;,;5;,;1;,;0;1201,-76.7,-13,760,100,5,1,0
1202,-76.3,-13,760,100,5,1,0;;;;;;1202;,;-76.3;,;-13;,;760;,;100;,;5;,;1;,;0;1202,-76.3,-13,760,100,5,1,0
1203,-75.9,-13,760,100,5,1,0;;;;;;1203;,;-75.9;,;-13;,;760;,;100;,;5;,;1;,;0;1203,-75.9,-13,760,100,5,1,0
1204,-75.5,-13,760,100,5,1,0;;;;;;1204;,;-75.5;,;-13;,;760;,;100;,;5;,;1;,;0;1204,-75.5,-13,760,100,5,1,0
1205,-75.1,-13,760,100,5,1,0;;;;;;1205;,;-75.1;,;-13;,;760;,;100;,;5;,;1;,;0;1205,-75.1,-13,760,100,5,1,0
1206,-74.7,-13,760,100,5,1,0;;;;;;1206;,;-74.7;,;-13;,;760;,;100;,;5;,;1;,;0;1206,-74.7,-13,760,100,5,1,0
1207,-74.3,-13,760,100,5,1,0;;;;;;1207;,;-74.3;,;-13;,;760;,;100;,;5;,;1;,;0;1207,-74.3,-13,760,100,5,1,0
1208,-73.9,-13,760,100,5,1,0;;;;;;1208;,;-73.9;,;-13;,;760;,;100;,;5;,;1;,;0;1208,-73.9,-13,760,100,5,1,0
1209,-73.5,-13,760,100,5,1,0;;;;;;1209;,;-73.5;,;-13;,;760;,;100;,;5;,;1;,;0;1209,-73.5,-13,760,100,5,1,0
1210,-73.1,-13,760,100,5,1,0;;;;;;1210;,;-73.1;,;-13;,;760;,;100;,;5;,;1;,;0;1210,-73.1,-13,760,100,5,1,0
1211,-72.7,-13,760,100,5,1,0;;;;;;1211;,;-72.7;,;-13;,;760;,;100;,;5;,;1;,;0;1211,-72.7,-13,760,100,5,1,0
1212,-72.3,-13,760,100,5,1,0;;;;;;1212;,;-72.3;,;-13;,;760;,;100;,;5;,;1;,;0;1212,-72.3,-13,760,100,5,1,0
1213,-71.9,-13,760,100,5,1,0;;;;;;1213;,;-71.9;,;-13;,;760;,;100;,;5;,;1;,;0;1213,-71.9,-13,760,100,5,1,0
1214,-71.5,-13,760,100,5,1,0;;;;;;1214;,;-71.5;,;-13;,;760;,;100;,;5;,;1;,;0;1214,-71.5,-13,760,100,5,1,0
1215,-71.1,-13,760,100,5,1,0;;;;;;1215;,;-71.1;,;-13;,;760;,;100;,;5;,;1;,;0;1215,-71.1,-13,760,100,5,1,0
1216,-70.7,-13,760,100,5,1,0;;;;;;1216;,;-70.7;,;-13;,;760;,;100;,;5;,;1;,;0;1216,-70.7,-13,760,100,5,1,0
1217,-70.3,-13,760,100,5,1,0;;;;;;1217;,;-70.3;,;-13;,;760;,;100;,;5;,;1;,;0;1217,-70.3,-13,760,100,5,1,0
1218,-69.9,-13,760,100,5,1,0;;;;;;1218;,;-69.9;,;-13;,;760;,;100;,;5;,;1;,;0;1218,-69.9,-13,760,100,5,1,0
1219,-69.5,-13,760,100,5,1,0;;;;;;1219;,;-69.5;,;-13;,;760;,;100;,;5;,;1;,;0;1219,-69.5,-13,760,100,5,1,0
1220,-69.1,-13,760,100,5,1,0;;;;;;1220;,;-69.1;,;-13;,;760;,;100;,;5;,;1;,;0;1220,-69.1,-13,760,100,5,1,0
1221,-68.7,-13,760,100,5,1,0;;;;;;1221;,;-68.7;,;-13;,;760;,;100;,;5;,;1;,;0;1221,-68.7,-13,760,100,5,1,0
1222,-68.3,-13,760,100,5,1,0;;;;;;1222;,;-68.3;,;-13;,;760;,;100;,;5;,;1;,;0;1222,-68.3,-13,760,100,5,1,0
1223,-77.1,-12.6,760,100,5,1,0;;;;;;1223;,;-77.1;,;-12.6;,;760;,;100;,;5;,;1;,;0;1223,-77.1,-12.6,760,100,5,1,0
1224,-76.7,-12.6,760,100,5,1,0;;;;;;1224;,;-76.7;,;-12.6;,;760;,;100;,;5;,;1;,;0;1224,-76.7,-12.6,760,100,5,1,0
1225,-76.3,-12.6,760,100,5,1,0;;;;;;1225;,;-76.3;,;-12.6;,;760;,;100;,;5;,;1;,;0;1225,-76.3,-12.6,760,100,5,1,0
1226,-75.9,-12.6,760,100,5,1,0;;;;;;1226;,;-75.9;,;-12.6;,;760;,;100;,;5;,;1;,;0;1226,-75.9,-12.6,760,100,5,1,0
1227,-75.5,-12.6,760,100,5,1,0;;;;;;1227;,;-75.5;,;-12.6;,;760;,;100;,;5;,;1;,;0;1227,-75.5,-12.6,760,100,5,1,0
1228,-75.1,-12.6,760,100,5,1,0;;;;;;1228;,;-75.1;,;-12.6;,;760;,;100;,;5;,;1;,;0;1228,-75.1,-12.6,760,100,5,1,0
1229,-74.7,-12.6,760,100,5,1,0;;;;;;1229;,;-74.7;,;-12.6;,;760;,;100;,;5;,;1;,;0;1229,-74.7,-12.6,760,100,5,1,0
1230,-74.3,-12.6,760,100,5,1,0;;;;;;1230;,;-74.3;,;-12.6;,;760;,;100;,;5;,;1;,;0;1230,-74.3,-12.6,760,100,5,1,0
1231,-73.9,-12.6,760,100,5,1,0;;;;;;1231;,;-73.9;,;-12.6;,;760;,;100;,;5;,;1;,;0;1231,-73.9,-12.6,760,100,5,1,0
1232,-73.5,-12.6,760,100,5,1,0;;;;;;1232;,;-73.5;,;-12.6;,;760;,;100;,;5;,;1;,;0;1232,-73.5,-12.6,760,100,5,1,0
1233,-73.1,-12.6,760,100,5,1,0;;;;;;1233;,;-73.1;,;-12.6;,;760;,;100;,;5;,;1;,;0;1233,-73.1,-12.6,760,100,5,1,0
1234,-72.7,-12.6,760,100,5,1,0;;;;;;1234;,;-72.7;,;-12.6;,;760;,;100;,;5;,;1;,;0;1234,-72.7,-12.6,760,100,5,1,0
1235,-72.3,-12.6,760,100,5,1,0;;;;;;1235;,;-72.3;,;-12.6;,;760;,;100;,;5;,;1;,;0;1235,-72.3,-12.6,760,100,5,1,0
1236,-71.9,-12.6,760,100,5,1,0;;;;;;1236;,;-71.9;,;-12.6;,;760;,;100;,;5;,;1;,;0;1236,-71.9,-12.6,760,100,5,1,0
1237,-71.5,-12.6,760,100,5,1,0;;;;;;1237;,;-71.5;,;-12.6;,;760;,;100;,;5;,;1;,;0;1237,-71.5,-12.6,760,100,5,1,0
1238,-71.1,-12.6,760,100,5,1,0;;;;;;1238;,;-71.1;,;-12.6;,;760;,;100;,;5;,;1;,;0;1238,-71.1,-12.6,760,100,5,1,0
1239,-70.7,-12.6,760,100,5,1,0;;;;;;1239;,;-70.7;,;-12.6;,;760;,;100;,;5;,;1;,;0;1239,-70.7,-12.6,760,100,5,1,0
1240,-70.3,-12.6,760,100,5,1,0;;;;;;1240;,;-70.3;,;-12.6;,;760;,;100;,;5;,;1;,;0;1240,-70.3,-12.6,760,100,5,1,0
1241,-69.9,-12.6,760,100,5,1,0;;;;;;1241;,;-69.9;,;-12.6;,;760;,;100;,;5;,;1;,;0;1241,-69.9,-12.6,760,100,5,1,0
1242,-69.5,-12.6,760,100,5,1,0;;;;;;1242;,;-69.5;,;-12.6;,;760;,;100;,;5;,;1;,;0;1242,-69.5,-12.6,760,100,5,1,0
1243,-69.1,-12.6,760,100,5,1,0;;;;;;1243;,;-69.1;,;-12.6;,;760;,;100;,;5;,;1;,;0;1243,-69.1,-12.6,760,100,5,1,0
1244,-68.7,-12.6,760,100,5,1,0;;;;;;1244;,;-68.7;,;-12.6;,;760;,;100;,;5;,;1;,;0;1244,-68.7,-12.6,760,100,5,1,0
1245,-68.3,-12.6,760,100,5,1,0;;;;;;1245;,;-68.3;,;-12.6;,;760;,;100;,;5;,;1;,;0;1245,-68.3,-12.6,760,100,5,1,0
1246,-77.5,-12.2,760,100,5,1,0;;;;;;1246;,;-77.5;,;-12.2;,;760;,;100;,;5;,;1;,;0;1246,-77.5,-12.2,760,100,5,1,0
1247,-77.1,-12.2,760,100,5,1,0;;;;;;1247;,;-77.1;,;-12.2;,;760;,;100;,;5;,;1;,;0;1247,-77.1,-12.2,760,100,5,1,0
1248,-76.7,-12.2,760,100,5,1,0;;;;;;1248;,;-76.7;,;-12.2;,;760;,;100;,;5;,;1;,;0;1248,-76.7,-12.2,760,100,5,1,0
1249,-76.3,-12.2,760,100,5,1,0;;;;;;1249;,;-76.3;,;-12.2;,;760;,;100;,;5;,;1;,;0;1249,-76.3,-12.2,760,100,5,1,0
1250,-75.9,-12.2,760,100,5,1,0;;;;;;1250;,;-75.9;,;-12.2;,;760;,;100;,;5;,;1;,;0;1250,-75.9,-12.2,760,100,5,1,0
1251,-75.5,-12.2,760,100,5,1,0;;;;;;1251;,;-75.5;,;-12.2;,;760;,;100;,;5;,;1;,;0;1251,-75.5,-12.2,760,100,5,1,0
1252,-75.1,-12.2,760,100,5,1,0;;;;;;1252;,;-75.1;,;-12.2;,;760;,;100;,;5;,;1;,;0;1252,-75.1,-12.2,760,100,5,1,0
1253,-74.7,-12.2,760,100,5,1,0;;;;;;1253;,;-74.7;,;-12.2;,;760;,;100;,;5;,;1;,;0;1253,-74.7,-12.2,760,100,5,1,0
1254,-74.3,-12.2,760,100,5,1,0;;;;;;1254;,;-74.3;,;-12.2;,;760;,;100;,;5;,;1;,;0;1254,-74.3,-12.2,760,100,5,1,0
1255,-73.9,-12.2,760,100,5,1,0;;;;;;1255;,;-73.9;,;-12.2;,;760;,;100;,;5;,;1;,;0;1255,-73.9,-12.2,760,100,5,1,0
1256,-73.5,-12.2,760,100,5,1,0;;;;;;1256;,;-73.5;,;-12.2;,;760;,;100;,;5;,;1;,;0;1256,-73.5,-12.2,760,100,5,1,0
1257,-73.1,-12.2,760,100,5,1,0;;;;;;1257;,;-73.1;,;-12.2;,;760;,;100;,;5;,;1;,;0;1257,-73.1,-12.2,760,100,5,1,0
1258,-72.7,-12.2,760,100,5,1,0;;;;;;1258;,;-72.7;,;-12.2;,;760;,;100;,;5;,;1;,;0;1258,-72.7,-12.2,760,100,5,1,0
1259,-72.3,-12.2,760,100,5,1,0;;;;;;1259;,;-72.3;,;-12.2;,;760;,;100;,;5;,;1;,;0;1259,-72.3,-12.2,760,100,5,1,0
1260,-71.9,-12.2,760,100,5,1,0;;;;;;1260;,;-71.9;,;-12.2;,;760;,;100;,;5;,;1;,;0;1260,-71.9,-12.2,760,100,5,1,0
1261,-71.5,-12.2,760,100,5,1,0;;;;;;1261;,;-71.5;,;-12.2;,;760;,;100;,;5;,;1;,;0;1261,-71.5,-12.2,760,100,5,1,0
1262,-71.1,-12.2,760,100,5,1,0;;;;;;1262;,;-71.1;,;-12.2;,;760;,;100;,;5;,;1;,;0;1262,-71.1,-12.2,760,100,5,1,0
1263,-70.7,-12.2,760,100,5,1,0;;;;;;1263;,;-70.7;,;-12.2;,;760;,;100;,;5;,;1;,;0;1263,-70.7,-12.2,760,100,5,1,0
1264,-70.3,-12.2,760,100,5,1,0;;;;;;1264;,;-70.3;,;-12.2;,;760;,;100;,;5;,;1;,;0;1264,-70.3,-12.2,760,100,5,1,0
1265,-69.9,-12.2,760,100,5,1,0;;;;;;1265;,;-69.9;,;-12.2;,;760;,;100;,;5;,;1;,;0;1265,-69.9,-12.2,760,100,5,1,0
1266,-69.5,-12.2,760,100,5,1,0;;;;;;1266;,;-69.5;,;-12.2;,;760;,;100;,;5;,;1;,;0;1266,-69.5,-12.2,760,100,5,1,0
1267,-69.1,-12.2,760,100,5,1,0;;;;;;1267;,;-69.1;,;-12.2;,;760;,;100;,;5;,;1;,;0;1267,-69.1,-12.2,760,100,5,1,0
1268,-68.7,-12.2,760,100,5,1,0;;;;;;1268;,;-68.7;,;-12.2;,;760;,;100;,;5;,;1;,;0;1268,-68.7,-12.2,760,100,5,1,0
1269,-68.3,-12.2,760,100,5,1,0;;;;;;1269;,;-68.3;,;-12.2;,;760;,;100;,;5;,;1;,;0;1269,-68.3,-12.2,760,100,5,1,0
1270,-77.5,-11.8,760,100,5,1,0;;;;;;1270;,;-77.5;,;-11.8;,;760;,;100;,;5;,;1;,;0;1270,-77.5,-11.8,760,100,5,1,0
1271,-77.1,-11.8,760,100,5,1,0;;;;;;1271;,;-77.1;,;-11.8;,;760;,;100;,;5;,;1;,;0;1271,-77.1,-11.8,760,100,5,1,0
1272,-76.7,-11.8,760,100,5,1,0;;;;;;1272;,;-76.7;,;-11.8;,;760;,;100;,;5;,;1;,;0;1272,-76.7,-11.8,760,100,5,1,0
1273,-76.3,-11.8,760,100,5,1,0;;;;;;1273;,;-76.3;,;-11.8;,;760;,;100;,;5;,;1;,;0;1273,-76.3,-11.8,760,100,5,1,0
1274,-75.9,-11.8,760,100,5,1,0;;;;;;1274;,;-75.9;,;-11.8;,;760;,;100;,;5;,;1;,;0;1274,-75.9,-11.8,760,100,5,1,0
1275,-75.5,-11.8,760,100,5,1,0;;;;;;1275;,;-75.5;,;-11.8;,;760;,;100;,;5;,;1;,;0;1275,-75.5,-11.8,760,100,5,1,0
1276,-75.1,-11.8,760,100,5,1,0;;;;;;1276;,;-75.1;,;-11.8;,;760;,;100;,;5;,;1;,;0;1276,-75.1,-11.8,760,100,5,1,0
1277,-74.7,-11.8,760,100,5,1,0;;;;;;1277;,;-74.7;,;-11.8;,;760;,;100;,;5;,;1;,;0;1277,-74.7,-11.8,760,100,5,1,0
1278,-74.3,-11.8,760,100,5,1,0;;;;;;1278;,;-74.3;,;-11.8;,;760;,;100;,;5;,;1;,;0;1278,-74.3,-11.8,760,100,5,1,0
1279,-73.9,-11.8,760,100,5,1,0;;;;;;1279;,;-73.9;,;-11.8;,;760;,;100;,;5;,;1;,;0;1279,-73.9,-11.8,760,100,5,1,0
1280,-73.5,-11.8,760,100,5,1,0;;;;;;1280;,;-73.5;,;-11.8;,;760;,;100;,;5;,;1;,;0;1280,-73.5,-11.8,760,100,5,1,0
1281,-73.1,-11.8,760,100,5,1,0;;;;;;1281;,;-73.1;,;-11.8;,;760;,;100;,;5;,;1;,;0;1281,-73.1,-11.8,760,100,5,1,0
1282,-72.7,-11.8,760,100,5,1,0;;;;;;1282;,;-72.7;,;-11.8;,;760;,;100;,;5;,;1;,;0;1282,-72.7,-11.8,760,100,5,1,0
1283,-72.3,-11.8,760,100,5,1,0;;;;;;1283;,;-72.3;,;-11.8;,;760;,;100;,;5;,;1;,;0;1283,-72.3,-11.8,760,100,5,1,0
1284,-71.9,-11.8,760,100,5,1,0;;;;;;1284;,;-71.9;,;-11.8;,;760;,;100;,;5;,;1;,;0;1284,-71.9,-11.8,760,100,5,1,0
1285,-71.5,-11.8,760,100,5,1,0;;;;;;1285;,;-71.5;,;-11.8;,;760;,;100;,;5;,;1;,;0;1285,-71.5,-11.8,760,100,5,1,0
1286,-71.1,-11.8,760,100,5,1,0;;;;;;1286;,;-71.1;,;-11.8;,;760;,;100;,;5;,;1;,;0;1286,-71.1,-11.8,760,100,5,1,0
1287,-70.7,-11.8,760,100,5,1,0;;;;;;1287;,;-70.7;,;-11.8;,;760;,;100;,;5;,;1;,;0;1287,-70.7,-11.8,760,100,5,1,0
1288,-70.3,-11.8,760,100,5,1,0;;;;;;1288;,;-70.3;,;-11.8;,;760;,;100;,;5;,;1;,;0;1288,-70.3,-11.8,760,100,5,1,0
1289,-69.9,-11.8,760,100,5,1,0;;;;;;1289;,;-69.9;,;-11.8;,;760;,;100;,;5;,;1;,;0;1289,-69.9,-11.8,760,100,5,1,0
1290,-69.5,-11.8,760,100,5,1,0;;;;;;1290;,;-69.5;,;-11.8;,;760;,;100;,;5;,;1;,;0;1290,-69.5,-11.8,760,100,5,1,0
1291,-69.1,-11.8,760,100,5,1,0;;;;;;1291;,;-69.1;,;-11.8;,;760;,;100;,;5;,;1;,;0;1291,-69.1,-11.8,760,100,5,1,0
1292,-68.7,-11.8,760,100,5,1,0;;;;;;1292;,;-68.7;,;-11.8;,;760;,;100;,;5;,;1;,;0;1292,-68.7,-11.8,760,100,5,1,0
1293,-77.9,-11.4,760,100,5,1,0;;;;;;1293;,;-77.9;,;-11.4;,;760;,;100;,;5;,;1;,;0;1293,-77.9,-11.4,760,100,5,1,0
1294,-77.5,-11.4,760,100,5,1,0;;;;;;1294;,;-77.5;,;-11.4;,;760;,;100;,;5;,;1;,;0;1294,-77.5,-11.4,760,100,5,1,0
1295,-77.1,-11.4,760,100,5,1,0;;;;;;1295;,;-77.1;,;-11.4;,;760;,;100;,;5;,;1;,;0;1295,-77.1,-11.4,760,100,5,1,0
1296,-76.7,-11.4,760,100,5,1,0;;;;;;1296;,;-76.7;,;-11.4;,;760;,;100;,;5;,;1;,;0;1296,-76.7,-11.4,760,100,5,1,0
1297,-76.3,-11.4,760,100,5,1,0;;;;;;1297;,;-76.3;,;-11.4;,;760;,;100;,;5;,;1;,;0;1297,-76.3,-11.4,760,100,5,1,0
1298,-75.9,-11.4,760,100,5,1,0;;;;;;1298;,;-75.9;,;-11.4;,;760;,;100;,;5;,;1;,;0;1298,-75.9,-11.4,760,100,5,1,0
1299,-75.5,-11.4,760,100,5,1,0;;;;;;1299;,;-75.5;,;-11.4;,;760;,;100;,;5;,;1;,;0;1299,-75.5,-11.4,760,100,5,1,0
1300,-75.1,-11.4,760,100,5,1,0;;;;;;1300;,;-75.1;,;-11.4;,;760;,;100;,;5;,;1;,;0;1300,-75.1,-11.4,760,100,5,1,0
1301,-74.7,-11.4,760,100,5,1,0;;;;;;1301;,;-74.7;,;-11.4;,;760;,;100;,;5;,;1;,;0;1301,-74.7,-11.4,760,100,5,1,0
1302,-74.3,-11.4,760,100,5,1,0;;;;;;1302;,;-74.3;,;-11.4;,;760;,;100;,;5;,;1;,;0;1302,-74.3,-11.4,760,100,5,1,0
1303,-73.9,-11.4,760,100,5,1,0;;;;;;1303;,;-73.9;,;-11.4;,;760;,;100;,;5;,;1;,;0;1303,-73.9,-11.4,760,100,5,1,0
1304,-73.5,-11.4,760,100,5,1,0;;;;;;1304;,;-73.5;,;-11.4;,;760;,;100;,;5;,;1;,;0;1304,-73.5,-11.4,760,100,5,1,0
1305,-73.1,-11.4,760,100,5,1,0;;;;;;1305;,;-73.1;,;-11.4;,;760;,;100;,;5;,;1;,;0;1305,-73.1,-11.4,760,100,5,1,0
1306,-72.7,-11.4,760,100,5,1,0;;;;;;1306;,;-72.7;,;-11.4;,;760;,;100;,;5;,;1;,;0;1306,-72.7,-11.4,760,100,5,1,0
1307,-72.3,-11.4,760,100,5,1,0;;;;;;1307;,;-72.3;,;-11.4;,;760;,;100;,;5;,;1;,;0;1307,-72.3,-11.4,760,100,5,1,0
1308,-71.9,-11.4,760,100,5,1,0;;;;;;1308;,;-71.9;,;-11.4;,;760;,;100;,;5;,;1;,;0;1308,-71.9,-11.4,760,100,5,1,0
1309,-71.5,-11.4,760,100,5,1,0;;;;;;1309;,;-71.5;,;-11.4;,;760;,;100;,;5;,;1;,;0;1309,-71.5,-11.4,760,100,5,1,0
1310,-71.1,-11.4,760,100,5,1,0;;;;;;1310;,;-71.1;,;-11.4;,;760;,;100;,;5;,;1;,;0;1310,-71.1,-11.4,760,100,5,1,0
1311,-70.7,-11.4,760,100,5,1,0;;;;;;1311;,;-70.7;,;-11.4;,;760;,;100;,;5;,;1;,;0;1311,-70.7,-11.4,760,100,5,1,0
1312,-70.3,-11.4,760,100,5,1,0;;;;;;1312;,;-70.3;,;-11.4;,;760;,;100;,;5;,;1;,;0;1312,-70.3,-11.4,760,100,5,1,0
1313,-69.9,-11.4,760,100,5,1,0;;;;;;1313;,;-69.9;,;-11.4;,;760;,;100;,;5;,;1;,;0;1313,-69.9,-11.4,760,100,5,1,0
1314,-69.5,-11.4,760,100,5,1,0;;;;;;1314;,;-69.5;,;-11.4;,;760;,;100;,;5;,;1;,;0;1314,-69.5,-11.4,760,100,5,1,0
1315,-69.1,-11.4,760,100,5,1,0;;;;;;1315;,;-69.1;,;-11.4;,;760;,;100;,;5;,;1;,;0;1315,-69.1,-11.4,760,100,5,1,0
1316,-68.7,-11.4,760,100,5,1,0;;;;;;1316;,;-68.7;,;-11.4;,;760;,;100;,;5;,;1;,;0;1316,-68.7,-11.4,760,100,5,1,0
1317,-77.9,-11,760,100,5,1,0;;;;;;1317;,;-77.9;,;-11;,;760;,;100;,;5;,;1;,;0;1317,-77.9,-11,760,100,5,1,0
1318,-77.5,-11,760,100,5,1,0;;;;;;1318;,;-77.5;,;-11;,;760;,;100;,;5;,;1;,;0;1318,-77.5,-11,760,100,5,1,0
1319,-77.1,-11,760,100,5,1,0;;;;;;1319;,;-77.1;,;-11;,;760;,;100;,;5;,;1;,;0;1319,-77.1,-11,760,100,5,1,0
1320,-76.7,-11,760,100,5,1,0;;;;;;1320;,;-76.7;,;-11;,;760;,;100;,;5;,;1;,;0;1320,-76.7,-11,760,100,5,1,0
1321,-76.3,-11,760,100,5,1,0;;;;;;1321;,;-76.3;,;-11;,;760;,;100;,;5;,;1;,;0;1321,-76.3,-11,760,100,5,1,0
1322,-75.9,-11,760,100,5,1,0;;;;;;1322;,;-75.9;,;-11;,;760;,;100;,;5;,;1;,;0;1322,-75.9,-11,760,100,5,1,0
1323,-75.5,-11,760,100,5,1,0;;;;;;1323;,;-75.5;,;-11;,;760;,;100;,;5;,;1;,;0;1323,-75.5,-11,760,100,5,1,0
1324,-75.1,-11,760,100,5,1,0;;;;;;1324;,;-75.1;,;-11;,;760;,;100;,;5;,;1;,;0;1324,-75.1,-11,760,100,5,1,0
1325,-74.7,-11,760,100,5,1,0;;;;;;1325;,;-74.7;,;-11;,;760;,;100;,;5;,;1;,;0;1325,-74.7,-11,760,100,5,1,0
1326,-74.3,-11,760,100,5,1,0;;;;;;1326;,;-74.3;,;-11;,;760;,;100;,;5;,;1;,;0;1326,-74.3,-11,760,100,5,1,0
1327,-73.9,-11,760,100,5,1,0;;;;;;1327;,;-73.9;,;-11;,;760;,;100;,;5;,;1;,;0;1327,-73.9,-11,760,100,5,1,0
1328,-73.5,-11,760,100,5,1,0;;;;;;1328;,;-73.5;,;-11;,;760;,;100;,;5;,;1;,;0;1328,-73.5,-11,760,100,5,1,0
1329,-73.1,-11,760,100,5,1,0;;;;;;1329;,;-73.1;,;-11;,;760;,;100;,;5;,;1;,;0;1329,-73.1,-11,760,100,5,1,0
1330,-72.7,-11,760,100,5,1,0;;;;;;1330;,;-72.7;,;-11;,;760;,;100;,;5;,;1;,;0;1330,-72.7,-11,760,100,5,1,0
1331,-72.3,-11,760,100,5,1,0;;;;;;1331;,;-72.3;,;-11;,;760;,;100;,;5;,;1;,;0;1331,-72.3,-11,760,100,5,1,0
1332,-71.9,-11,760,100,5,1,0;;;;;;1332;,;-71.9;,;-11;,;760;,;100;,;5;,;1;,;0;1332,-71.9,-11,760,100,5,1,0
1333,-71.5,-11,760,100,5,1,0;;;;;;1333;,;-71.5;,;-11;,;760;,;100;,;5;,;1;,;0;1333,-71.5,-11,760,100,5,1,0
1334,-71.1,-11,760,100,5,1,0;;;;;;1334;,;-71.1;,;-11;,;760;,;100;,;5;,;1;,;0;1334,-71.1,-11,760,100,5,1,0
1335,-70.7,-11,760,100,5,1,0;;;;;;1335;,;-70.7;,;-11;,;760;,;100;,;5;,;1;,;0;1335,-70.7,-11,760,100,5,1,0
1336,-70.3,-11,760,100,5,1,0;;;;;;1336;,;-70.3;,;-11;,;760;,;100;,;5;,;1;,;0;1336,-70.3,-11,760,100,5,1,0
1337,-69.9,-11,760,100,5,1,0;;;;;;1337;,;-69.9;,;-11;,;760;,;100;,;5;,;1;,;0;1337,-69.9,-11,760,100,5,1,0
1338,-69.5,-11,760,100,5,1,0;;;;;;1338;,;-69.5;,;-11;,;760;,;100;,;5;,;1;,;0;1338,-69.5,-11,760,100,5,1,0
1339,-69.1,-11,760,100,5,1,0;;;;;;1339;,;-69.1;,;-11;,;760;,;100;,;5;,;1;,;0;1339,-69.1,-11,760,100,5,1,0
1340,-78.3,-10.6,760,100,5,1,0;;;;;;1340;,;-78.3;,;-10.6;,;760;,;100;,;5;,;1;,;0;1340,-78.3,-10.6,760,100,5,1,0
1341,-77.9,-10.6,760,100,5,1,0;;;;;;1341;,;-77.9;,;-10.6;,;760;,;100;,;5;,;1;,;0;1341,-77.9,-10.6,760,100,5,1,0
1342,-77.5,-10.6,760,100,5,1,0;;;;;;1342;,;-77.5;,;-10.6;,;760;,;100;,;5;,;1;,;0;1342,-77.5,-10.6,760,100,5,1,0
1343,-77.1,-10.6,760,100,5,1,0;;;;;;1343;,;-77.1;,;-10.6;,;760;,;100;,;5;,;1;,;0;1343,-77.1,-10.6,760,100,5,1,0
1344,-76.7,-10.6,760,100,5,1,0;;;;;;1344;,;-76.7;,;-10.6;,;760;,;100;,;5;,;1;,;0;1344,-76.7,-10.6,760,100,5,1,0
1345,-76.3,-10.6,760,100,5,1,0;;;;;;1345;,;-76.3;,;-10.6;,;760;,;100;,;5;,;1;,;0;1345,-76.3,-10.6,760,100,5,1,0
1346,-75.9,-10.6,760,100,5,1,0;;;;;;1346;,;-75.9;,;-10.6;,;760;,;100;,;5;,;1;,;0;1346,-75.9,-10.6,760,100,5,1,0
1347,-75.5,-10.6,760,100,5,1,0;;;;;;1347;,;-75.5;,;-10.6;,;760;,;100;,;5;,;1;,;0;1347,-75.5,-10.6,760,100,5,1,0
1348,-75.1,-10.6,760,100,5,1,0;;;;;;1348;,;-75.1;,;-10.6;,;760;,;100;,;5;,;1;,;0;1348,-75.1,-10.6,760,100,5,1,0
1349,-74.7,-10.6,760,100,5,1,0;;;;;;1349;,;-74.7;,;-10.6;,;760;,;100;,;5;,;1;,;0;1349,-74.7,-10.6,760,100,5,1,0
1350,-74.3,-10.6,760,100,5,1,0;;;;;;1350;,;-74.3;,;-10.6;,;760;,;100;,;5;,;1;,;0;1350,-74.3,-10.6,760,100,5,1,0
1351,-73.9,-10.6,760,100,5,1,0;;;;;;1351;,;-73.9;,;-10.6;,;760;,;100;,;5;,;1;,;0;1351,-73.9,-10.6,760,100,5,1,0
1352,-73.5,-10.6,760,100,5,1,0;;;;;;1352;,;-73.5;,;-10.6;,;760;,;100;,;5;,;1;,;0;1352,-73.5,-10.6,760,100,5,1,0
1353,-73.1,-10.6,760,100,5,1,0;;;;;;1353;,;-73.1;,;-10.6;,;760;,;100;,;5;,;1;,;0;1353,-73.1,-10.6,760,100,5,1,0
1354,-72.7,-10.6,760,100,5,1,0;;;;;;1354;,;-72.7;,;-10.6;,;760;,;100;,;5;,;1;,;0;1354,-72.7,-10.6,760,100,5,1,0
1355,-72.3,-10.6,760,100,5,1,0;;;;;;1355;,;-72.3;,;-10.6;,;760;,;100;,;5;,;1;,;0;1355,-72.3,-10.6,760,100,5,1,0
1356,-71.9,-10.6,760,100,5,1,0;;;;;;1356;,;-71.9;,;-10.6;,;760;,;100;,;5;,;1;,;0;1356,-71.9,-10.6,760,100,5,1,0
1357,-71.5,-10.6,760,100,5,1,0;;;;;;1357;,;-71.5;,;-10.6;,;760;,;100;,;5;,;1;,;0;1357,-71.5,-10.6,760,100,5,1,0
1358,-71.1,-10.6,760,100,5,1,0;;;;;;1358;,;-71.1;,;-10.6;,;760;,;100;,;5;,;1;,;0;1358,-71.1,-10.6,760,100,5,1,0
1359,-70.7,-10.6,760,100,5,1,0;;;;;;1359;,;-70.7;,;-10.6;,;760;,;100;,;5;,;1;,;0;1359,-70.7,-10.6,760,100,5,1,0
1360,-70.3,-10.6,760,100,5,1,0;;;;;;1360;,;-70.3;,;-10.6;,;760;,;100;,;5;,;1;,;0;1360,-70.3,-10.6,760,100,5,1,0
1361,-69.9,-10.6,760,100,5,1,0;;;;;;1361;,;-69.9;,;-10.6;,;760;,;100;,;5;,;1;,;0;1361,-69.9,-10.6,760,100,5,1,0
1362,-69.5,-10.6,760,100,5,1,0;;;;;;1362;,;-69.5;,;-10.6;,;760;,;100;,;5;,;1;,;0;1362,-69.5,-10.6,760,100,5,1,0
1363,-78.3,-10.2,760,100,5,1,0;;;;;;1363;,;-78.3;,;-10.2;,;760;,;100;,;5;,;1;,;0;1363,-78.3,-10.2,760,100,5,1,0
1364,-77.9,-10.2,760,100,5,1,0;;;;;;1364;,;-77.9;,;-10.2;,;760;,;100;,;5;,;1;,;0;1364,-77.9,-10.2,760,100,5,1,0
1365,-77.5,-10.2,760,100,5,1,0;;;;;;1365;,;-77.5;,;-10.2;,;760;,;100;,;5;,;1;,;0;1365,-77.5,-10.2,760,100,5,1,0
1366,-77.1,-10.2,760,100,5,1,0;;;;;;1366;,;-77.1;,;-10.2;,;760;,;100;,;5;,;1;,;0;1366,-77.1,-10.2,760,100,5,1,0
1367,-76.7,-10.2,760,100,5,1,0;;;;;;1367;,;-76.7;,;-10.2;,;760;,;100;,;5;,;1;,;0;1367,-76.7,-10.2,760,100,5,1,0
1368,-76.3,-10.2,760,100,5,1,0;;;;;;1368;,;-76.3;,;-10.2;,;760;,;100;,;5;,;1;,;0;1368,-76.3,-10.2,760,100,5,1,0
1369,-75.9,-10.2,760,100,5,1,0;;;;;;1369;,;-75.9;,;-10.2;,;760;,;100;,;5;,;1;,;0;1369,-75.9,-10.2,760,100,5,1,0
1370,-75.5,-10.2,760,100,5,1,0;;;;;;1370;,;-75.5;,;-10.2;,;760;,;100;,;5;,;1;,;0;1370,-75.5,-10.2,760,100,5,1,0
1371,-75.1,-10.2,760,100,5,1,0;;;;;;1371;,;-75.1;,;-10.2;,;760;,;100;,;5;,;1;,;0;1371,-75.1,-10.2,760,100,5,1,0
1372,-74.7,-10.2,760,100,5,1,0;;;;;;1372;,;-74.7;,;-10.2;,;760;,;100;,;5;,;1;,;0;1372,-74.7,-10.2,760,100,5,1,0
1373,-74.3,-10.2,760,100,5,1,0;;;;;;1373;,;-74.3;,;-10.2;,;760;,;100;,;5;,;1;,;0;1373,-74.3,-10.2,760,100,5,1,0
1374,-73.9,-10.2,760,100,5,1,0;;;;;;1374;,;-73.9;,;-10.2;,;760;,;100;,;5;,;1;,;0;1374,-73.9,-10.2,760,100,5,1,0
1375,-73.5,-10.2,760,100,5,1,0;;;;;;1375;,;-73.5;,;-10.2;,;760;,;100;,;5;,;1;,;0;1375,-73.5,-10.2,760,100,5,1,0
1376,-73.1,-10.2,760,100,5,1,0;;;;;;1376;,;-73.1;,;-10.2;,;760;,;100;,;5;,;1;,;0;1376,-73.1,-10.2,760,100,5,1,0
1377,-72.7,-10.2,760,100,5,1,0;;;;;;1377;,;-72.7;,;-10.2;,;760;,;100;,;5;,;1;,;0;1377,-72.7,-10.2,760,100,5,1,0
1378,-72.3,-10.2,760,100,5,1,0;;;;;;1378;,;-72.3;,;-10.2;,;760;,;100;,;5;,;1;,;0;1378,-72.3,-10.2,760,100,5,1,0
1379,-71.9,-10.2,760,100,5,1,0;;;;;;1379;,;-71.9;,;-10.2;,;760;,;100;,;5;,;1;,;0;1379,-71.9,-10.2,760,100,5,1,0
1380,-71.5,-10.2,760,100,5,1,0;;;;;;1380;,;-71.5;,;-10.2;,;760;,;100;,;5;,;1;,;0;1380,-71.5,-10.2,760,100,5,1,0
1381,-71.1,-10.2,760,100,5,1,0;;;;;;1381;,;-71.1;,;-10.2;,;760;,;100;,;5;,;1;,;0;1381,-71.1,-10.2,760,100,5,1,0
1382,-70.7,-10.2,760,100,5,1,0;;;;;;1382;,;-70.7;,;-10.2;,;760;,;100;,;5;,;1;,;0;1382,-70.7,-10.2,760,100,5,1,0
1383,-70.3,-10.2,760,100,5,1,0;;;;;;1383;,;-70.3;,;-10.2;,;760;,;100;,;5;,;1;,;0;1383,-70.3,-10.2,760,100,5,1,0
1384,-78.7,-9.8,760,100,5,1,0;;;;;;1384;,;-78.7;,;-9.8;,;760;,;100;,;5;,;1;,;0;1384,-78.7,-9.8,760,100,5,1,0
1385,-78.3,-9.8,760,100,5,1,0;;;;;;1385;,;-78.3;,;-9.8;,;760;,;100;,;5;,;1;,;0;1385,-78.3,-9.8,760,100,5,1,0
1386,-77.9,-9.8,760,100,5,1,0;;;;;;1386;,;-77.9;,;-9.8;,;760;,;100;,;5;,;1;,;0;1386,-77.9,-9.8,760,100,5,1,0
1387,-77.5,-9.8,760,100,5,1,0;;;;;;1387;,;-77.5;,;-9.8;,;760;,;100;,;5;,;1;,;0;1387,-77.5,-9.8,760,100,5,1,0
1388,-77.1,-9.8,760,100,5,1,0;;;;;;1388;,;-77.1;,;-9.8;,;760;,;100;,;5;,;1;,;0;1388,-77.1,-9.8,760,100,5,1,0
1389,-76.7,-9.8,760,100,5,1,0;;;;;;1389;,;-76.7;,;-9.8;,;760;,;100;,;5;,;1;,;0;1389,-76.7,-9.8,760,100,5,1,0
1390,-76.3,-9.8,760,100,5,1,0;;;;;;1390;,;-76.3;,;-9.8;,;760;,;100;,;5;,;1;,;0;1390,-76.3,-9.8,760,100,5,1,0
1391,-75.9,-9.8,760,100,5,1,0;;;;;;1391;,;-75.9;,;-9.8;,;760;,;100;,;5;,;1;,;0;1391,-75.9,-9.8,760,100,5,1,0
1392,-75.5,-9.8,760,100,5,1,0;;;;;;1392;,;-75.5;,;-9.8;,;760;,;100;,;5;,;1;,;0;1392,-75.5,-9.8,760,100,5,1,0
1393,-75.1,-9.8,760,100,5,1,0;;;;;;1393;,;-75.1;,;-9.8;,;760;,;100;,;5;,;1;,;0;1393,-75.1,-9.8,760,100,5,1,0
1394,-74.7,-9.8,760,100,5,1,0;;;;;;1394;,;-74.7;,;-9.8;,;760;,;100;,;5;,;1;,;0;1394,-74.7,-9.8,760,100,5,1,0
1395,-74.3,-9.8,760,100,5,1,0;;;;;;1395;,;-74.3;,;-9.8;,;760;,;100;,;5;,;1;,;0;1395,-74.3,-9.8,760,100,5,1,0
1396,-73.9,-9.8,760,100,5,1,0;;;;;;1396;,;-73.9;,;-9.8;,;760;,;100;,;5;,;1;,;0;1396,-73.9,-9.8,760,100,5,1,0
1397,-73.5,-9.8,760,100,5,1,0;;;;;;1397;,;-73.5;,;-9.8;,;760;,;100;,;5;,;1;,;0;1397,-73.5,-9.8,760,100,5,1,0
1398,-73.1,-9.8,760,100,5,1,0;;;;;;1398;,;-73.1;,;-9.8;,;760;,;100;,;5;,;1;,;0;1398,-73.1,-9.8,760,100,5,1,0
1399,-72.7,-9.8,760,100,5,1,0;;;;;;1399;,;-72.7;,;-9.8;,;760;,;100;,;5;,;1;,;0;1399,-72.7,-9.8,760,100,5,1,0
1400,-72.3,-9.8,760,100,5,1,0;;;;;;1400;,;-72.3;,;-9.8;,;760;,;100;,;5;,;1;,;0;1400,-72.3,-9.8,760,100,5,1,0
1401,-71.9,-9.8,760,100,5,1,0;;;;;;1401;,;-71.9;,;-9.8;,;760;,;100;,;5;,;1;,;0;1401,-71.9,-9.8,760,100,5,1,0
1402,-71.5,-9.8,760,100,5,1,0;;;;;;1402;,;-71.5;,;-9.8;,;760;,;100;,;5;,;1;,;0;1402,-71.5,-9.8,760,100,5,1,0
1403,-71.1,-9.8,760,100,5,1,0;;;;;;1403;,;-71.1;,;-9.8;,;760;,;100;,;5;,;1;,;0;1403,-71.1,-9.8,760,100,5,1,0
1404,-70.7,-9.8,760,100,5,1,0;;;;;;1404;,;-70.7;,;-9.8;,;760;,;100;,;5;,;1;,;0;1404,-70.7,-9.8,760,100,5,1,0
1405,-70.3,-9.8,760,100,5,1,0;;;;;;1405;,;-70.3;,;-9.8;,;760;,;100;,;5;,;1;,;0;1405,-70.3,-9.8,760,100,5,1,0
1406,-78.7,-9.4,760,100,5,1,0;;;;;;1406;,;-78.7;,;-9.4;,;760;,;100;,;5;,;1;,;0;1406,-78.7,-9.4,760,100,5,1,0
1407,-78.3,-9.4,760,100,5,1,0;;;;;;1407;,;-78.3;,;-9.4;,;760;,;100;,;5;,;1;,;0;1407,-78.3,-9.4,760,100,5,1,0
1408,-77.9,-9.4,760,100,5,1,0;;;;;;1408;,;-77.9;,;-9.4;,;760;,;100;,;5;,;1;,;0;1408,-77.9,-9.4,760,100,5,1,0
1409,-77.5,-9.4,760,100,5,1,0;;;;;;1409;,;-77.5;,;-9.4;,;760;,;100;,;5;,;1;,;0;1409,-77.5,-9.4,760,100,5,1,0
1410,-77.1,-9.4,760,100,5,1,0;;;;;;1410;,;-77.1;,;-9.4;,;760;,;100;,;5;,;1;,;0;1410,-77.1,-9.4,760,100,5,1,0
1411,-76.7,-9.4,760,100,5,1,0;;;;;;1411;,;-76.7;,;-9.4;,;760;,;100;,;5;,;1;,;0;1411,-76.7,-9.4,760,100,5,1,0
1412,-76.3,-9.4,760,100,5,1,0;;;;;;1412;,;-76.3;,;-9.4;,;760;,;100;,;5;,;1;,;0;1412,-76.3,-9.4,760,100,5,1,0
1413,-75.9,-9.4,760,100,5,1,0;;;;;;1413;,;-75.9;,;-9.4;,;760;,;100;,;5;,;1;,;0;1413,-75.9,-9.4,760,100,5,1,0
1414,-75.5,-9.4,760,100,5,1,0;;;;;;1414;,;-75.5;,;-9.4;,;760;,;100;,;5;,;1;,;0;1414,-75.5,-9.4,760,100,5,1,0
1415,-75.1,-9.4,760,100,5,1,0;;;;;;1415;,;-75.1;,;-9.4;,;760;,;100;,;5;,;1;,;0;1415,-75.1,-9.4,760,100,5,1,0
1416,-74.7,-9.4,760,100,5,1,0;;;;;;1416;,;-74.7;,;-9.4;,;760;,;100;,;5;,;1;,;0;1416,-74.7,-9.4,760,100,5,1,0
1417,-74.3,-9.4,760,100,5,1,0;;;;;;1417;,;-74.3;,;-9.4;,;760;,;100;,;5;,;1;,;0;1417,-74.3,-9.4,760,100,5,1,0
1418,-73.9,-9.4,760,100,5,1,0;;;;;;1418;,;-73.9;,;-9.4;,;760;,;100;,;5;,;1;,;0;1418,-73.9,-9.4,760,100,5,1,0
1419,-73.5,-9.4,760,100,5,1,0;;;;;;1419;,;-73.5;,;-9.4;,;760;,;100;,;5;,;1;,;0;1419,-73.5,-9.4,760,100,5,1,0
1420,-73.1,-9.4,760,100,5,1,0;;;;;;1420;,;-73.1;,;-9.4;,;760;,;100;,;5;,;1;,;0;1420,-73.1,-9.4,760,100,5,1,0
1421,-72.7,-9.4,760,100,5,1,0;;;;;;1421;,;-72.7;,;-9.4;,;760;,;100;,;5;,;1;,;0;1421,-72.7,-9.4,760,100,5,1,0
1422,-72.3,-9.4,760,100,5,1,0;;;;;;1422;,;-72.3;,;-9.4;,;760;,;100;,;5;,;1;,;0;1422,-72.3,-9.4,760,100,5,1,0
1423,-71.9,-9.4,760,100,5,1,0;;;;;;1423;,;-71.9;,;-9.4;,;760;,;100;,;5;,;1;,;0;1423,-71.9,-9.4,760,100,5,1,0
1424,-71.1,-9.4,760,100,5,1,0;;;;;;1424;,;-71.1;,;-9.4;,;760;,;100;,;5;,;1;,;0;1424,-71.1,-9.4,760,100,5,1,0
1425,-70.7,-9.4,760,100,5,1,0;;;;;;1425;,;-70.7;,;-9.4;,;760;,;100;,;5;,;1;,;0;1425,-70.7,-9.4,760,100,5,1,0
1426,-70.3,-9.4,760,100,5,1,0;;;;;;1426;,;-70.3;,;-9.4;,;760;,;100;,;5;,;1;,;0;1426,-70.3,-9.4,760,100,5,1,0
1427,-78.7,-9,760,100,5,1,0;;;;;;1427;,;-78.7;,;-9;,;760;,;100;,;5;,;1;,;0;1427,-78.7,-9,760,100,5,1,0
1428,-78.3,-9,760,100,5,1,0;;;;;;1428;,;-78.3;,;-9;,;760;,;100;,;5;,;1;,;0;1428,-78.3,-9,760,100,5,1,0
1429,-77.9,-9,760,100,5,1,0;;;;;;1429;,;-77.9;,;-9;,;760;,;100;,;5;,;1;,;0;1429,-77.9,-9,760,100,5,1,0
1430,-77.5,-9,760,100,5,1,0;;;;;;1430;,;-77.5;,;-9;,;760;,;100;,;5;,;1;,;0;1430,-77.5,-9,760,100,5,1,0
1431,-77.1,-9,760,100,5,1,0;;;;;;1431;,;-77.1;,;-9;,;760;,;100;,;5;,;1;,;0;1431,-77.1,-9,760,100,5,1,0
1432,-76.7,-9,760,100,5,1,0;;;;;;1432;,;-76.7;,;-9;,;760;,;100;,;5;,;1;,;0;1432,-76.7,-9,760,100,5,1,0
1433,-76.3,-9,760,100,5,1,0;;;;;;1433;,;-76.3;,;-9;,;760;,;100;,;5;,;1;,;0;1433,-76.3,-9,760,100,5,1,0
1434,-75.9,-9,760,100,5,1,0;;;;;;1434;,;-75.9;,;-9;,;760;,;100;,;5;,;1;,;0;1434,-75.9,-9,760,100,5,1,0
1435,-75.5,-9,760,100,5,1,0;;;;;;1435;,;-75.5;,;-9;,;760;,;100;,;5;,;1;,;0;1435,-75.5,-9,760,100,5,1,0
1436,-75.1,-9,760,100,5,1,0;;;;;;1436;,;-75.1;,;-9;,;760;,;100;,;5;,;1;,;0;1436,-75.1,-9,760,100,5,1,0
1437,-74.7,-9,760,100,5,1,0;;;;;;1437;,;-74.7;,;-9;,;760;,;100;,;5;,;1;,;0;1437,-74.7,-9,760,100,5,1,0
1438,-74.3,-9,760,100,5,1,0;;;;;;1438;,;-74.3;,;-9;,;760;,;100;,;5;,;1;,;0;1438,-74.3,-9,760,100,5,1,0
1439,-73.9,-9,760,100,5,1,0;;;;;;1439;,;-73.9;,;-9;,;760;,;100;,;5;,;1;,;0;1439,-73.9,-9,760,100,5,1,0
1440,-73.5,-9,760,100,5,1,0;;;;;;1440;,;-73.5;,;-9;,;760;,;100;,;5;,;1;,;0;1440,-73.5,-9,760,100,5,1,0
1441,-73.1,-9,760,100,5,1,0;;;;;;1441;,;-73.1;,;-9;,;760;,;100;,;5;,;1;,;0;1441,-73.1,-9,760,100,5,1,0
1442,-72.7,-9,760,100,5,1,0;;;;;;1442;,;-72.7;,;-9;,;760;,;100;,;5;,;1;,;0;1442,-72.7,-9,760,100,5,1,0
1443,-70.3,-9,760,100,5,1,0;;;;;;1443;,;-70.3;,;-9;,;760;,;100;,;5;,;1;,;0;1443,-70.3,-9,760,100,5,1,0
1444,-79.1,-8.6,760,100,5,1,0;;;;;;1444;,;-79.1;,;-8.6;,;760;,;100;,;5;,;1;,;0;1444,-79.1,-8.6,760,100,5,1,0
1445,-78.7,-8.6,760,100,5,1,0;;;;;;1445;,;-78.7;,;-8.6;,;760;,;100;,;5;,;1;,;0;1445,-78.7,-8.6,760,100,5,1,0
1446,-78.3,-8.6,760,100,5,1,0;;;;;;1446;,;-78.3;,;-8.6;,;760;,;100;,;5;,;1;,;0;1446,-78.3,-8.6,760,100,5,1,0
1447,-77.9,-8.6,760,100,5,1,0;;;;;;1447;,;-77.9;,;-8.6;,;760;,;100;,;5;,;1;,;0;1447,-77.9,-8.6,760,100,5,1,0
1448,-77.5,-8.6,760,100,5,1,0;;;;;;1448;,;-77.5;,;-8.6;,;760;,;100;,;5;,;1;,;0;1448,-77.5,-8.6,760,100,5,1,0
1449,-77.1,-8.6,760,100,5,1,0;;;;;;1449;,;-77.1;,;-8.6;,;760;,;100;,;5;,;1;,;0;1449,-77.1,-8.6,760,100,5,1,0
1450,-76.7,-8.6,760,100,5,1,0;;;;;;1450;,;-76.7;,;-8.6;,;760;,;100;,;5;,;1;,;0;1450,-76.7,-8.6,760,100,5,1,0
1451,-76.3,-8.6,760,100,5,1,0;;;;;;1451;,;-76.3;,;-8.6;,;760;,;100;,;5;,;1;,;0;1451,-76.3,-8.6,760,100,5,1,0
1452,-75.9,-8.6,760,100,5,1,0;;;;;;1452;,;-75.9;,;-8.6;,;760;,;100;,;5;,;1;,;0;1452,-75.9,-8.6,760,100,5,1,0
1453,-75.5,-8.6,760,100,5,1,0;;;;;;1453;,;-75.5;,;-8.6;,;760;,;100;,;5;,;1;,;0;1453,-75.5,-8.6,760,100,5,1,0
1454,-75.1,-8.6,760,100,5,1,0;;;;;;1454;,;-75.1;,;-8.6;,;760;,;100;,;5;,;1;,;0;1454,-75.1,-8.6,760,100,5,1,0
1455,-74.7,-8.6,760,100,5,1,0;;;;;;1455;,;-74.7;,;-8.6;,;760;,;100;,;5;,;1;,;0;1455,-74.7,-8.6,760,100,5,1,0
1456,-74.3,-8.6,760,100,5,1,0;;;;;;1456;,;-74.3;,;-8.6;,;760;,;100;,;5;,;1;,;0;1456,-74.3,-8.6,760,100,5,1,0
1457,-73.9,-8.6,760,100,5,1,0;;;;;;1457;,;-73.9;,;-8.6;,;760;,;100;,;5;,;1;,;0;1457,-73.9,-8.6,760,100,5,1,0
1458,-73.5,-8.6,760,100,5,1,0;;;;;;1458;,;-73.5;,;-8.6;,;760;,;100;,;5;,;1;,;0;1458,-73.5,-8.6,760,100,5,1,0
1459,-73.1,-8.6,760,100,5,1,0;;;;;;1459;,;-73.1;,;-8.6;,;760;,;100;,;5;,;1;,;0;1459,-73.1,-8.6,760,100,5,1,0
1460,-72.7,-8.6,760,100,5,1,0;;;;;;1460;,;-72.7;,;-8.6;,;760;,;100;,;5;,;1;,;0;1460,-72.7,-8.6,760,100,5,1,0
1461,-79.5,-8.2,760,100,5,1,0;;;;;;1461;,;-79.5;,;-8.2;,;760;,;100;,;5;,;1;,;0;1461,-79.5,-8.2,760,100,5,1,0
1462,-79.1,-8.2,760,100,5,1,0;;;;;;1462;,;-79.1;,;-8.2;,;760;,;100;,;5;,;1;,;0;1462,-79.1,-8.2,760,100,5,1,0
1463,-78.7,-8.2,760,100,5,1,0;;;;;;1463;,;-78.7;,;-8.2;,;760;,;100;,;5;,;1;,;0;1463,-78.7,-8.2,760,100,5,1,0
1464,-78.3,-8.2,760,100,5,1,0;;;;;;1464;,;-78.3;,;-8.2;,;760;,;100;,;5;,;1;,;0;1464,-78.3,-8.2,760,100,5,1,0
1465,-77.9,-8.2,760,100,5,1,0;;;;;;1465;,;-77.9;,;-8.2;,;760;,;100;,;5;,;1;,;0;1465,-77.9,-8.2,760,100,5,1,0
1466,-77.5,-8.2,760,100,5,1,0;;;;;;1466;,;-77.5;,;-8.2;,;760;,;100;,;5;,;1;,;0;1466,-77.5,-8.2,760,100,5,1,0
1467,-77.1,-8.2,760,100,5,1,0;;;;;;1467;,;-77.1;,;-8.2;,;760;,;100;,;5;,;1;,;0;1467,-77.1,-8.2,760,100,5,1,0
1468,-76.7,-8.2,760,100,5,1,0;;;;;;1468;,;-76.7;,;-8.2;,;760;,;100;,;5;,;1;,;0;1468,-76.7,-8.2,760,100,5,1,0
1469,-76.3,-8.2,760,100,5,1,0;;;;;;1469;,;-76.3;,;-8.2;,;760;,;100;,;5;,;1;,;0;1469,-76.3,-8.2,760,100,5,1,0
1470,-75.9,-8.2,760,100,5,1,0;;;;;;1470;,;-75.9;,;-8.2;,;760;,;100;,;5;,;1;,;0;1470,-75.9,-8.2,760,100,5,1,0
1471,-75.5,-8.2,760,100,5,1,0;;;;;;1471;,;-75.5;,;-8.2;,;760;,;100;,;5;,;1;,;0;1471,-75.5,-8.2,760,100,5,1,0
1472,-75.1,-8.2,760,100,5,1,0;;;;;;1472;,;-75.1;,;-8.2;,;760;,;100;,;5;,;1;,;0;1472,-75.1,-8.2,760,100,5,1,0
1473,-74.7,-8.2,760,100,5,1,0;;;;;;1473;,;-74.7;,;-8.2;,;760;,;100;,;5;,;1;,;0;1473,-74.7,-8.2,760,100,5,1,0
1474,-74.3,-8.2,760,100,5,1,0;;;;;;1474;,;-74.3;,;-8.2;,;760;,;100;,;5;,;1;,;0;1474,-74.3,-8.2,760,100,5,1,0
1475,-73.9,-8.2,760,100,5,1,0;;;;;;1475;,;-73.9;,;-8.2;,;760;,;100;,;5;,;1;,;0;1475,-73.9,-8.2,760,100,5,1,0
1476,-73.5,-8.2,760,100,5,1,0;;;;;;1476;,;-73.5;,;-8.2;,;760;,;100;,;5;,;1;,;0;1476,-73.5,-8.2,760,100,5,1,0
1477,-73.1,-8.2,760,100,5,1,0;;;;;;1477;,;-73.1;,;-8.2;,;760;,;100;,;5;,;1;,;0;1477,-73.1,-8.2,760,100,5,1,0
1478,-79.5,-7.8,760,100,5,1,0;;;;;;1478;,;-79.5;,;-7.8;,;760;,;100;,;5;,;1;,;0;1478,-79.5,-7.8,760,100,5,1,0
1479,-79.1,-7.8,760,100,5,1,0;;;;;;1479;,;-79.1;,;-7.8;,;760;,;100;,;5;,;1;,;0;1479,-79.1,-7.8,760,100,5,1,0
1480,-78.7,-7.8,760,100,5,1,0;;;;;;1480;,;-78.7;,;-7.8;,;760;,;100;,;5;,;1;,;0;1480,-78.7,-7.8,760,100,5,1,0
1481,-78.3,-7.8,760,100,5,1,0;;;;;;1481;,;-78.3;,;-7.8;,;760;,;100;,;5;,;1;,;0;1481,-78.3,-7.8,760,100,5,1,0
1482,-77.9,-7.8,760,100,5,1,0;;;;;;1482;,;-77.9;,;-7.8;,;760;,;100;,;5;,;1;,;0;1482,-77.9,-7.8,760,100,5,1,0
1483,-77.5,-7.8,760,100,5,1,0;;;;;;1483;,;-77.5;,;-7.8;,;760;,;100;,;5;,;1;,;0;1483,-77.5,-7.8,760,100,5,1,0
1484,-77.1,-7.8,760,100,5,1,0;;;;;;1484;,;-77.1;,;-7.8;,;760;,;100;,;5;,;1;,;0;1484,-77.1,-7.8,760,100,5,1,0
1485,-76.7,-7.8,760,100,5,1,0;;;;;;1485;,;-76.7;,;-7.8;,;760;,;100;,;5;,;1;,;0;1485,-76.7,-7.8,760,100,5,1,0
1486,-76.3,-7.8,760,100,5,1,0;;;;;;1486;,;-76.3;,;-7.8;,;760;,;100;,;5;,;1;,;0;1486,-76.3,-7.8,760,100,5,1,0
1487,-75.9,-7.8,760,100,5,1,0;;;;;;1487;,;-75.9;,;-7.8;,;760;,;100;,;5;,;1;,;0;1487,-75.9,-7.8,760,100,5,1,0
1488,-75.5,-7.8,760,100,5,1,0;;;;;;1488;,;-75.5;,;-7.8;,;760;,;100;,;5;,;1;,;0;1488,-75.5,-7.8,760,100,5,1,0
1489,-75.1,-7.8,760,100,5,1,0;;;;;;1489;,;-75.1;,;-7.8;,;760;,;100;,;5;,;1;,;0;1489,-75.1,-7.8,760,100,5,1,0
1490,-74.7,-7.8,760,100,5,1,0;;;;;;1490;,;-74.7;,;-7.8;,;760;,;100;,;5;,;1;,;0;1490,-74.7,-7.8,760,100,5,1,0
1491,-74.3,-7.8,760,100,5,1,0;;;;;;1491;,;-74.3;,;-7.8;,;760;,;100;,;5;,;1;,;0;1491,-74.3,-7.8,760,100,5,1,0
1492,-73.9,-7.8,760,100,5,1,0;;;;;;1492;,;-73.9;,;-7.8;,;760;,;100;,;5;,;1;,;0;1492,-73.9,-7.8,760,100,5,1,0
1493,-73.5,-7.8,760,100,5,1,0;;;;;;1493;,;-73.5;,;-7.8;,;760;,;100;,;5;,;1;,;0;1493,-73.5,-7.8,760,100,5,1,0
1494,-79.9,-7.4,760,100,5,1,0;;;;;;1494;,;-79.9;,;-7.4;,;760;,;100;,;5;,;1;,;0;1494,-79.9,-7.4,760,100,5,1,0
1495,-79.5,-7.4,760,100,5,1,0;;;;;;1495;,;-79.5;,;-7.4;,;760;,;100;,;5;,;1;,;0;1495,-79.5,-7.4,760,100,5,1,0
1496,-79.1,-7.4,760,100,5,1,0;;;;;;1496;,;-79.1;,;-7.4;,;760;,;100;,;5;,;1;,;0;1496,-79.1,-7.4,760,100,5,1,0
1497,-78.7,-7.4,760,100,5,1,0;;;;;;1497;,;-78.7;,;-7.4;,;760;,;100;,;5;,;1;,;0;1497,-78.7,-7.4,760,100,5,1,0
1498,-78.3,-7.4,760,100,5,1,0;;;;;;1498;,;-78.3;,;-7.4;,;760;,;100;,;5;,;1;,;0;1498,-78.3,-7.4,760,100,5,1,0
1499,-77.9,-7.4,760,100,5,1,0;;;;;;1499;,;-77.9;,;-7.4;,;760;,;100;,;5;,;1;,;0;1499,-77.9,-7.4,760,100,5,1,0
1500,-77.5,-7.4,760,100,5,1,0;;;;;;1500;,;-77.5;,;-7.4;,;760;,;100;,;5;,;1;,;0;1500,-77.5,-7.4,760,100,5,1,0
1501,-77.1,-7.4,760,100,5,1,0;;;;;;1501;,;-77.1;,;-7.4;,;760;,;100;,;5;,;1;,;0;1501,-77.1,-7.4,760,100,5,1,0
1502,-76.7,-7.4,760,100,5,1,0;;;;;;1502;,;-76.7;,;-7.4;,;760;,;100;,;5;,;1;,;0;1502,-76.7,-7.4,760,100,5,1,0
1503,-76.3,-7.4,760,100,5,1,0;;;;;;1503;,;-76.3;,;-7.4;,;760;,;100;,;5;,;1;,;0;1503,-76.3,-7.4,760,100,5,1,0
1504,-75.9,-7.4,760,100,5,1,0;;;;;;1504;,;-75.9;,;-7.4;,;760;,;100;,;5;,;1;,;0;1504,-75.9,-7.4,760,100,5,1,0
1505,-75.5,-7.4,760,100,5,1,0;;;;;;1505;,;-75.5;,;-7.4;,;760;,;100;,;5;,;1;,;0;1505,-75.5,-7.4,760,100,5,1,0
1506,-75.1,-7.4,760,100,5,1,0;;;;;;1506;,;-75.1;,;-7.4;,;760;,;100;,;5;,;1;,;0;1506,-75.1,-7.4,760,100,5,1,0
1507,-74.7,-7.4,760,100,5,1,0;;;;;;1507;,;-74.7;,;-7.4;,;760;,;100;,;5;,;1;,;0;1507,-74.7,-7.4,760,100,5,1,0
1508,-74.3,-7.4,760,100,5,1,0;;;;;;1508;,;-74.3;,;-7.4;,;760;,;100;,;5;,;1;,;0;1508,-74.3,-7.4,760,100,5,1,0
1509,-73.9,-7.4,760,100,5,1,0;;;;;;1509;,;-73.9;,;-7.4;,;760;,;100;,;5;,;1;,;0;1509,-73.9,-7.4,760,100,5,1,0
1510,-73.5,-7.4,760,100,5,1,0;;;;;;1510;,;-73.5;,;-7.4;,;760;,;100;,;5;,;1;,;0;1510,-73.5,-7.4,760,100,5,1,0
1511,-80.3,-7,760,100,5,1,0;;;;;;1511;,;-80.3;,;-7;,;760;,;100;,;5;,;1;,;0;1511,-80.3,-7,760,100,5,1,0
1512,-79.9,-7,760,100,5,1,0;;;;;;1512;,;-79.9;,;-7;,;760;,;100;,;5;,;1;,;0;1512,-79.9,-7,760,100,5,1,0
1513,-79.5,-7,760,100,5,1,0;;;;;;1513;,;-79.5;,;-7;,;760;,;100;,;5;,;1;,;0;1513,-79.5,-7,760,100,5,1,0
1514,-79.1,-7,760,100,5,1,0;;;;;;1514;,;-79.1;,;-7;,;760;,;100;,;5;,;1;,;0;1514,-79.1,-7,760,100,5,1,0
1515,-78.7,-7,760,100,5,1,0;;;;;;1515;,;-78.7;,;-7;,;760;,;100;,;5;,;1;,;0;1515,-78.7,-7,760,100,5,1,0
1516,-78.3,-7,760,100,5,1,0;;;;;;1516;,;-78.3;,;-7;,;760;,;100;,;5;,;1;,;0;1516,-78.3,-7,760,100,5,1,0
1517,-77.9,-7,760,100,5,1,0;;;;;;1517;,;-77.9;,;-7;,;760;,;100;,;5;,;1;,;0;1517,-77.9,-7,760,100,5,1,0
1518,-77.5,-7,760,100,5,1,0;;;;;;1518;,;-77.5;,;-7;,;760;,;100;,;5;,;1;,;0;1518,-77.5,-7,760,100,5,1,0
1519,-77.1,-7,760,100,5,1,0;;;;;;1519;,;-77.1;,;-7;,;760;,;100;,;5;,;1;,;0;1519,-77.1,-7,760,100,5,1,0
1520,-76.7,-7,760,100,5,1,0;;;;;;1520;,;-76.7;,;-7;,;760;,;100;,;5;,;1;,;0;1520,-76.7,-7,760,100,5,1,0
1521,-76.3,-7,760,100,5,1,0;;;;;;1521;,;-76.3;,;-7;,;760;,;100;,;5;,;1;,;0;1521,-76.3,-7,760,100,5,1,0
1522,-75.9,-7,760,100,5,1,0;;;;;;1522;,;-75.9;,;-7;,;760;,;100;,;5;,;1;,;0;1522,-75.9,-7,760,100,5,1,0
1523,-75.5,-7,760,100,5,1,0;;;;;;1523;,;-75.5;,;-7;,;760;,;100;,;5;,;1;,;0;1523,-75.5,-7,760,100,5,1,0
1524,-75.1,-7,760,100,5,1,0;;;;;;1524;,;-75.1;,;-7;,;760;,;100;,;5;,;1;,;0;1524,-75.1,-7,760,100,5,1,0
1525,-74.7,-7,760,100,5,1,0;;;;;;1525;,;-74.7;,;-7;,;760;,;100;,;5;,;1;,;0;1525,-74.7,-7,760,100,5,1,0
1526,-74.3,-7,760,100,5,1,0;;;;;;1526;,;-74.3;,;-7;,;760;,;100;,;5;,;1;,;0;1526,-74.3,-7,760,100,5,1,0
1527,-73.9,-7,760,100,5,1,0;;;;;;1527;,;-73.9;,;-7;,;760;,;100;,;5;,;1;,;0;1527,-73.9,-7,760,100,5,1,0
1528,-73.5,-7,760,100,5,1,0;;;;;;1528;,;-73.5;,;-7;,;760;,;100;,;5;,;1;,;0;1528,-73.5,-7,760,100,5,1,0
1529,-73.1,-7,760,100,5,1,0;;;;;;1529;,;-73.1;,;-7;,;760;,;100;,;5;,;1;,;0;1529,-73.1,-7,760,100,5,1,0
1530,-80.7,-6.6,760,100,5,1,0;;;;;;1530;,;-80.7;,;-6.6;,;760;,;100;,;5;,;1;,;0;1530,-80.7,-6.6,760,100,5,1,0
1531,-80.3,-6.6,760,100,5,1,0;;;;;;1531;,;-80.3;,;-6.6;,;760;,;100;,;5;,;1;,;0;1531,-80.3,-6.6,760,100,5,1,0
1532,-79.9,-6.6,760,100,5,1,0;;;;;;1532;,;-79.9;,;-6.6;,;760;,;100;,;5;,;1;,;0;1532,-79.9,-6.6,760,100,5,1,0
1533,-79.5,-6.6,760,100,5,1,0;;;;;;1533;,;-79.5;,;-6.6;,;760;,;100;,;5;,;1;,;0;1533,-79.5,-6.6,760,100,5,1,0
1534,-79.1,-6.6,760,100,5,1,0;;;;;;1534;,;-79.1;,;-6.6;,;760;,;100;,;5;,;1;,;0;1534,-79.1,-6.6,760,100,5,1,0
1535,-78.7,-6.6,760,100,5,1,0;;;;;;1535;,;-78.7;,;-6.6;,;760;,;100;,;5;,;1;,;0;1535,-78.7,-6.6,760,100,5,1,0
1536,-78.3,-6.6,760,100,5,1,0;;;;;;1536;,;-78.3;,;-6.6;,;760;,;100;,;5;,;1;,;0;1536,-78.3,-6.6,760,100,5,1,0
1537,-77.9,-6.6,760,100,5,1,0;;;;;;1537;,;-77.9;,;-6.6;,;760;,;100;,;5;,;1;,;0;1537,-77.9,-6.6,760,100,5,1,0
1538,-77.5,-6.6,760,100,5,1,0;;;;;;1538;,;-77.5;,;-6.6;,;760;,;100;,;5;,;1;,;0;1538,-77.5,-6.6,760,100,5,1,0
1539,-77.1,-6.6,760,100,5,1,0;;;;;;1539;,;-77.1;,;-6.6;,;760;,;100;,;5;,;1;,;0;1539,-77.1,-6.6,760,100,5,1,0
1540,-76.7,-6.6,760,100,5,1,0;;;;;;1540;,;-76.7;,;-6.6;,;760;,;100;,;5;,;1;,;0;1540,-76.7,-6.6,760,100,5,1,0
1541,-76.3,-6.6,760,100,5,1,0;;;;;;1541;,;-76.3;,;-6.6;,;760;,;100;,;5;,;1;,;0;1541,-76.3,-6.6,760,100,5,1,0
1542,-75.9,-6.6,760,100,5,1,0;;;;;;1542;,;-75.9;,;-6.6;,;760;,;100;,;5;,;1;,;0;1542,-75.9,-6.6,760,100,5,1,0
1543,-75.5,-6.6,760,100,5,1,0;;;;;;1543;,;-75.5;,;-6.6;,;760;,;100;,;5;,;1;,;0;1543,-75.5,-6.6,760,100,5,1,0
1544,-75.1,-6.6,760,100,5,1,0;;;;;;1544;,;-75.1;,;-6.6;,;760;,;100;,;5;,;1;,;0;1544,-75.1,-6.6,760,100,5,1,0
1545,-74.7,-6.6,760,100,5,1,0;;;;;;1545;,;-74.7;,;-6.6;,;760;,;100;,;5;,;1;,;0;1545,-74.7,-6.6,760,100,5,1,0
1546,-74.3,-6.6,760,100,5,1,0;;;;;;1546;,;-74.3;,;-6.6;,;760;,;100;,;5;,;1;,;0;1546,-74.3,-6.6,760,100,5,1,0
1547,-73.9,-6.6,760,100,5,1,0;;;;;;1547;,;-73.9;,;-6.6;,;760;,;100;,;5;,;1;,;0;1547,-73.9,-6.6,760,100,5,1,0
1548,-73.5,-6.6,760,100,5,1,0;;;;;;1548;,;-73.5;,;-6.6;,;760;,;100;,;5;,;1;,;0;1548,-73.5,-6.6,760,100,5,1,0
1549,-73.1,-6.6,760,100,5,1,0;;;;;;1549;,;-73.1;,;-6.6;,;760;,;100;,;5;,;1;,;0;1549,-73.1,-6.6,760,100,5,1,0
1550,-72.7,-6.6,760,100,5,1,0;;;;;;1550;,;-72.7;,;-6.6;,;760;,;100;,;5;,;1;,;0;1550,-72.7,-6.6,760,100,5,1,0
1551,-81.1,-6.2,760,100,5,1,0;;;;;;1551;,;-81.1;,;-6.2;,;760;,;100;,;5;,;1;,;0;1551,-81.1,-6.2,760,100,5,1,0
1552,-80.7,-6.2,760,100,5,1,0;;;;;;1552;,;-80.7;,;-6.2;,;760;,;100;,;5;,;1;,;0;1552,-80.7,-6.2,760,100,5,1,0
1553,-80.3,-6.2,760,100,5,1,0;;;;;;1553;,;-80.3;,;-6.2;,;760;,;100;,;5;,;1;,;0;1553,-80.3,-6.2,760,100,5,1,0
1554,-79.9,-6.2,760,100,5,1,0;;;;;;1554;,;-79.9;,;-6.2;,;760;,;100;,;5;,;1;,;0;1554,-79.9,-6.2,760,100,5,1,0
1555,-79.5,-6.2,760,100,5,1,0;;;;;;1555;,;-79.5;,;-6.2;,;760;,;100;,;5;,;1;,;0;1555,-79.5,-6.2,760,100,5,1,0
1556,-79.1,-6.2,760,100,5,1,0;;;;;;1556;,;-79.1;,;-6.2;,;760;,;100;,;5;,;1;,;0;1556,-79.1,-6.2,760,100,5,1,0
1557,-78.7,-6.2,760,100,5,1,0;;;;;;1557;,;-78.7;,;-6.2;,;760;,;100;,;5;,;1;,;0;1557,-78.7,-6.2,760,100,5,1,0
1558,-78.3,-6.2,760,100,5,1,0;;;;;;1558;,;-78.3;,;-6.2;,;760;,;100;,;5;,;1;,;0;1558,-78.3,-6.2,760,100,5,1,0
1559,-77.9,-6.2,760,100,5,1,0;;;;;;1559;,;-77.9;,;-6.2;,;760;,;100;,;5;,;1;,;0;1559,-77.9,-6.2,760,100,5,1,0
1560,-77.5,-6.2,760,100,5,1,0;;;;;;1560;,;-77.5;,;-6.2;,;760;,;100;,;5;,;1;,;0;1560,-77.5,-6.2,760,100,5,1,0
1561,-77.1,-6.2,760,100,5,1,0;;;;;;1561;,;-77.1;,;-6.2;,;760;,;100;,;5;,;1;,;0;1561,-77.1,-6.2,760,100,5,1,0
1562,-76.7,-6.2,760,100,5,1,0;;;;;;1562;,;-76.7;,;-6.2;,;760;,;100;,;5;,;1;,;0;1562,-76.7,-6.2,760,100,5,1,0
1563,-76.3,-6.2,760,100,5,1,0;;;;;;1563;,;-76.3;,;-6.2;,;760;,;100;,;5;,;1;,;0;1563,-76.3,-6.2,760,100,5,1,0
1564,-75.9,-6.2,760,100,5,1,0;;;;;;1564;,;-75.9;,;-6.2;,;760;,;100;,;5;,;1;,;0;1564,-75.9,-6.2,760,100,5,1,0
1565,-75.5,-6.2,760,100,5,1,0;;;;;;1565;,;-75.5;,;-6.2;,;760;,;100;,;5;,;1;,;0;1565,-75.5,-6.2,760,100,5,1,0
1566,-75.1,-6.2,760,100,5,1,0;;;;;;1566;,;-75.1;,;-6.2;,;760;,;100;,;5;,;1;,;0;1566,-75.1,-6.2,760,100,5,1,0
1567,-74.7,-6.2,760,100,5,1,0;;;;;;1567;,;-74.7;,;-6.2;,;760;,;100;,;5;,;1;,;0;1567,-74.7,-6.2,760,100,5,1,0
1568,-74.3,-6.2,760,100,5,1,0;;;;;;1568;,;-74.3;,;-6.2;,;760;,;100;,;5;,;1;,;0;1568,-74.3,-6.2,760,100,5,1,0
1569,-73.9,-6.2,760,100,5,1,0;;;;;;1569;,;-73.9;,;-6.2;,;760;,;100;,;5;,;1;,;0;1569,-73.9,-6.2,760,100,5,1,0
1570,-73.5,-6.2,760,100,5,1,0;;;;;;1570;,;-73.5;,;-6.2;,;760;,;100;,;5;,;1;,;0;1570,-73.5,-6.2,760,100,5,1,0
1571,-73.1,-6.2,760,100,5,1,0;;;;;;1571;,;-73.1;,;-6.2;,;760;,;100;,;5;,;1;,;0;1571,-73.1,-6.2,760,100,5,1,0
1572,-72.7,-6.2,760,100,5,1,0;;;;;;1572;,;-72.7;,;-6.2;,;760;,;100;,;5;,;1;,;0;1572,-72.7,-6.2,760,100,5,1,0
1573,-81.5,-5.8,760,100,5,1,0;;;;;;1573;,;-81.5;,;-5.8;,;760;,;100;,;5;,;1;,;0;1573,-81.5,-5.8,760,100,5,1,0
1574,-81.1,-5.8,760,100,5,1,0;;;;;;1574;,;-81.1;,;-5.8;,;760;,;100;,;5;,;1;,;0;1574,-81.1,-5.8,760,100,5,1,0
1575,-80.7,-5.8,760,100,5,1,0;;;;;;1575;,;-80.7;,;-5.8;,;760;,;100;,;5;,;1;,;0;1575,-80.7,-5.8,760,100,5,1,0
1576,-80.3,-5.8,760,100,5,1,0;;;;;;1576;,;-80.3;,;-5.8;,;760;,;100;,;5;,;1;,;0;1576,-80.3,-5.8,760,100,5,1,0
1577,-79.9,-5.8,760,100,5,1,0;;;;;;1577;,;-79.9;,;-5.8;,;760;,;100;,;5;,;1;,;0;1577,-79.9,-5.8,760,100,5,1,0
1578,-79.5,-5.8,760,100,5,1,0;;;;;;1578;,;-79.5;,;-5.8;,;760;,;100;,;5;,;1;,;0;1578,-79.5,-5.8,760,100,5,1,0
1579,-79.1,-5.8,760,100,5,1,0;;;;;;1579;,;-79.1;,;-5.8;,;760;,;100;,;5;,;1;,;0;1579,-79.1,-5.8,760,100,5,1,0
1580,-78.7,-5.8,760,100,5,1,0;;;;;;1580;,;-78.7;,;-5.8;,;760;,;100;,;5;,;1;,;0;1580,-78.7,-5.8,760,100,5,1,0
1581,-78.3,-5.8,760,100,5,1,0;;;;;;1581;,;-78.3;,;-5.8;,;760;,;100;,;5;,;1;,;0;1581,-78.3,-5.8,760,100,5,1,0
1582,-77.9,-5.8,760,100,5,1,0;;;;;;1582;,;-77.9;,;-5.8;,;760;,;100;,;5;,;1;,;0;1582,-77.9,-5.8,760,100,5,1,0
1583,-77.5,-5.8,760,100,5,1,0;;;;;;1583;,;-77.5;,;-5.8;,;760;,;100;,;5;,;1;,;0;1583,-77.5,-5.8,760,100,5,1,0
1584,-77.1,-5.8,760,100,5,1,0;;;;;;1584;,;-77.1;,;-5.8;,;760;,;100;,;5;,;1;,;0;1584,-77.1,-5.8,760,100,5,1,0
1585,-76.7,-5.8,760,100,5,1,0;;;;;;1585;,;-76.7;,;-5.8;,;760;,;100;,;5;,;1;,;0;1585,-76.7,-5.8,760,100,5,1,0
1586,-76.3,-5.8,760,100,5,1,0;;;;;;1586;,;-76.3;,;-5.8;,;760;,;100;,;5;,;1;,;0;1586,-76.3,-5.8,760,100,5,1,0
1587,-75.9,-5.8,760,100,5,1,0;;;;;;1587;,;-75.9;,;-5.8;,;760;,;100;,;5;,;1;,;0;1587,-75.9,-5.8,760,100,5,1,0
1588,-75.5,-5.8,760,100,5,1,0;;;;;;1588;,;-75.5;,;-5.8;,;760;,;100;,;5;,;1;,;0;1588,-75.5,-5.8,760,100,5,1,0
1589,-75.1,-5.8,760,100,5,1,0;;;;;;1589;,;-75.1;,;-5.8;,;760;,;100;,;5;,;1;,;0;1589,-75.1,-5.8,760,100,5,1,0
1590,-74.7,-5.8,760,100,5,1,0;;;;;;1590;,;-74.7;,;-5.8;,;760;,;100;,;5;,;1;,;0;1590,-74.7,-5.8,760,100,5,1,0
1591,-74.3,-5.8,760,100,5,1,0;;;;;;1591;,;-74.3;,;-5.8;,;760;,;100;,;5;,;1;,;0;1591,-74.3,-5.8,760,100,5,1,0
1592,-73.9,-5.8,760,100,5,1,0;;;;;;1592;,;-73.9;,;-5.8;,;760;,;100;,;5;,;1;,;0;1592,-73.9,-5.8,760,100,5,1,0
1593,-73.5,-5.8,760,100,5,1,0;;;;;;1593;,;-73.5;,;-5.8;,;760;,;100;,;5;,;1;,;0;1593,-73.5,-5.8,760,100,5,1,0
1594,-73.1,-5.8,760,100,5,1,0;;;;;;1594;,;-73.1;,;-5.8;,;760;,;100;,;5;,;1;,;0;1594,-73.1,-5.8,760,100,5,1,0
1595,-72.7,-5.8,760,100,5,1,0;;;;;;1595;,;-72.7;,;-5.8;,;760;,;100;,;5;,;1;,;0;1595,-72.7,-5.8,760,100,5,1,0
1596,-81.5,-5.4,760,100,5,1,0;;;;;;1596;,;-81.5;,;-5.4;,;760;,;100;,;5;,;1;,;0;1596,-81.5,-5.4,760,100,5,1,0
1597,-81.1,-5.4,760,100,5,1,0;;;;;;1597;,;-81.1;,;-5.4;,;760;,;100;,;5;,;1;,;0;1597,-81.1,-5.4,760,100,5,1,0
1598,-80.7,-5.4,760,100,5,1,0;;;;;;1598;,;-80.7;,;-5.4;,;760;,;100;,;5;,;1;,;0;1598,-80.7,-5.4,760,100,5,1,0
1599,-80.3,-5.4,760,100,5,1,0;;;;;;1599;,;-80.3;,;-5.4;,;760;,;100;,;5;,;1;,;0;1599,-80.3,-5.4,760,100,5,1,0
1600,-79.9,-5.4,760,100,5,1,0;;;;;;1600;,;-79.9;,;-5.4;,;760;,;100;,;5;,;1;,;0;1600,-79.9,-5.4,760,100,5,1,0
1601,-79.5,-5.4,760,100,5,1,0;;;;;;1601;,;-79.5;,;-5.4;,;760;,;100;,;5;,;1;,;0;1601,-79.5,-5.4,760,100,5,1,0
1602,-79.1,-5.4,760,100,5,1,0;;;;;;1602;,;-79.1;,;-5.4;,;760;,;100;,;5;,;1;,;0;1602,-79.1,-5.4,760,100,5,1,0
1603,-78.7,-5.4,760,100,5,1,0;;;;;;1603;,;-78.7;,;-5.4;,;760;,;100;,;5;,;1;,;0;1603,-78.7,-5.4,760,100,5,1,0
1604,-78.3,-5.4,760,100,5,1,0;;;;;;1604;,;-78.3;,;-5.4;,;760;,;100;,;5;,;1;,;0;1604,-78.3,-5.4,760,100,5,1,0
1605,-77.9,-5.4,760,100,5,1,0;;;;;;1605;,;-77.9;,;-5.4;,;760;,;100;,;5;,;1;,;0;1605,-77.9,-5.4,760,100,5,1,0
1606,-77.5,-5.4,760,100,5,1,0;;;;;;1606;,;-77.5;,;-5.4;,;760;,;100;,;5;,;1;,;0;1606,-77.5,-5.4,760,100,5,1,0
1607,-77.1,-5.4,760,100,5,1,0;;;;;;1607;,;-77.1;,;-5.4;,;760;,;100;,;5;,;1;,;0;1607,-77.1,-5.4,760,100,5,1,0
1608,-76.7,-5.4,760,100,5,1,0;;;;;;1608;,;-76.7;,;-5.4;,;760;,;100;,;5;,;1;,;0;1608,-76.7,-5.4,760,100,5,1,0
1609,-76.3,-5.4,760,100,5,1,0;;;;;;1609;,;-76.3;,;-5.4;,;760;,;100;,;5;,;1;,;0;1609,-76.3,-5.4,760,100,5,1,0
1610,-75.9,-5.4,760,100,5,1,0;;;;;;1610;,;-75.9;,;-5.4;,;760;,;100;,;5;,;1;,;0;1610,-75.9,-5.4,760,100,5,1,0
1611,-75.5,-5.4,760,100,5,1,0;;;;;;1611;,;-75.5;,;-5.4;,;760;,;100;,;5;,;1;,;0;1611,-75.5,-5.4,760,100,5,1,0
1612,-75.1,-5.4,760,100,5,1,0;;;;;;1612;,;-75.1;,;-5.4;,;760;,;100;,;5;,;1;,;0;1612,-75.1,-5.4,760,100,5,1,0
1613,-74.7,-5.4,760,100,5,1,0;;;;;;1613;,;-74.7;,;-5.4;,;760;,;100;,;5;,;1;,;0;1613,-74.7,-5.4,760,100,5,1,0
1614,-74.3,-5.4,760,100,5,1,0;;;;;;1614;,;-74.3;,;-5.4;,;760;,;100;,;5;,;1;,;0;1614,-74.3,-5.4,760,100,5,1,0
1615,-73.9,-5.4,760,100,5,1,0;;;;;;1615;,;-73.9;,;-5.4;,;760;,;100;,;5;,;1;,;0;1615,-73.9,-5.4,760,100,5,1,0
1616,-73.5,-5.4,760,100,5,1,0;;;;;;1616;,;-73.5;,;-5.4;,;760;,;100;,;5;,;1;,;0;1616,-73.5,-5.4,760,100,5,1,0
1617,-73.1,-5.4,760,100,5,1,0;;;;;;1617;,;-73.1;,;-5.4;,;760;,;100;,;5;,;1;,;0;1617,-73.1,-5.4,760,100,5,1,0
1618,-72.7,-5.4,760,100,5,1,0;;;;;;1618;,;-72.7;,;-5.4;,;760;,;100;,;5;,;1;,;0;1618,-72.7,-5.4,760,100,5,1,0
1619,-72.3,-5.4,760,100,5,1,0;;;;;;1619;,;-72.3;,;-5.4;,;760;,;100;,;5;,;1;,;0;1619,-72.3,-5.4,760,100,5,1,0
1620,-81.5,-5,760,100,5,1,0;;;;;;1620;,;-81.5;,;-5;,;760;,;100;,;5;,;1;,;0;1620,-81.5,-5,760,100,5,1,0
1621,-81.1,-5,760,100,5,1,0;;;;;;1621;,;-81.1;,;-5;,;760;,;100;,;5;,;1;,;0;1621,-81.1,-5,760,100,5,1,0
1622,-80.7,-5,760,100,5,1,0;;;;;;1622;,;-80.7;,;-5;,;760;,;100;,;5;,;1;,;0;1622,-80.7,-5,760,100,5,1,0
1623,-80.3,-5,760,100,5,1,0;;;;;;1623;,;-80.3;,;-5;,;760;,;100;,;5;,;1;,;0;1623,-80.3,-5,760,100,5,1,0
1624,-79.9,-5,760,100,5,1,0;;;;;;1624;,;-79.9;,;-5;,;760;,;100;,;5;,;1;,;0;1624,-79.9,-5,760,100,5,1,0
1625,-79.5,-5,760,100,5,1,0;;;;;;1625;,;-79.5;,;-5;,;760;,;100;,;5;,;1;,;0;1625,-79.5,-5,760,100,5,1,0
1626,-79.1,-5,760,100,5,1,0;;;;;;1626;,;-79.1;,;-5;,;760;,;100;,;5;,;1;,;0;1626,-79.1,-5,760,100,5,1,0
1627,-78.7,-5,760,100,5,1,0;;;;;;1627;,;-78.7;,;-5;,;760;,;100;,;5;,;1;,;0;1627,-78.7,-5,760,100,5,1,0
1628,-78.3,-5,760,100,5,1,0;;;;;;1628;,;-78.3;,;-5;,;760;,;100;,;5;,;1;,;0;1628,-78.3,-5,760,100,5,1,0
1629,-77.9,-5,760,100,5,1,0;;;;;;1629;,;-77.9;,;-5;,;760;,;100;,;5;,;1;,;0;1629,-77.9,-5,760,100,5,1,0
1630,-77.5,-5,760,100,5,1,0;;;;;;1630;,;-77.5;,;-5;,;760;,;100;,;5;,;1;,;0;1630,-77.5,-5,760,100,5,1,0
1631,-77.1,-5,760,100,5,1,0;;;;;;1631;,;-77.1;,;-5;,;760;,;100;,;5;,;1;,;0;1631,-77.1,-5,760,100,5,1,0
1632,-76.7,-5,760,100,5,1,0;;;;;;1632;,;-76.7;,;-5;,;760;,;100;,;5;,;1;,;0;1632,-76.7,-5,760,100,5,1,0
1633,-76.3,-5,760,100,5,1,0;;;;;;1633;,;-76.3;,;-5;,;760;,;100;,;5;,;1;,;0;1633,-76.3,-5,760,100,5,1,0
1634,-75.9,-5,760,100,5,1,0;;;;;;1634;,;-75.9;,;-5;,;760;,;100;,;5;,;1;,;0;1634,-75.9,-5,760,100,5,1,0
1635,-75.5,-5,760,100,5,1,0;;;;;;1635;,;-75.5;,;-5;,;760;,;100;,;5;,;1;,;0;1635,-75.5,-5,760,100,5,1,0
1636,-75.1,-5,760,100,5,1,0;;;;;;1636;,;-75.1;,;-5;,;760;,;100;,;5;,;1;,;0;1636,-75.1,-5,760,100,5,1,0
1637,-74.7,-5,760,100,5,1,0;;;;;;1637;,;-74.7;,;-5;,;760;,;100;,;5;,;1;,;0;1637,-74.7,-5,760,100,5,1,0
1638,-74.3,-5,760,100,5,1,0;;;;;;1638;,;-74.3;,;-5;,;760;,;100;,;5;,;1;,;0;1638,-74.3,-5,760,100,5,1,0
1639,-73.9,-5,760,100,5,1,0;;;;;;1639;,;-73.9;,;-5;,;760;,;100;,;5;,;1;,;0;1639,-73.9,-5,760,100,5,1,0
1640,-73.5,-5,760,100,5,1,0;;;;;;1640;,;-73.5;,;-5;,;760;,;100;,;5;,;1;,;0;1640,-73.5,-5,760,100,5,1,0
1641,-73.1,-5,760,100,5,1,0;;;;;;1641;,;-73.1;,;-5;,;760;,;100;,;5;,;1;,;0;1641,-73.1,-5,760,100,5,1,0
1642,-72.7,-5,760,100,5,1,0;;;;;;1642;,;-72.7;,;-5;,;760;,;100;,;5;,;1;,;0;1642,-72.7,-5,760,100,5,1,0
1643,-72.3,-5,760,100,5,1,0;;;;;;1643;,;-72.3;,;-5;,;760;,;100;,;5;,;1;,;0;1643,-72.3,-5,760,100,5,1,0
1644,-71.9,-5,760,100,5,1,0;;;;;;1644;,;-71.9;,;-5;,;760;,;100;,;5;,;1;,;0;1644,-71.9,-5,760,100,5,1,0
1645,-81.5,-4.6,760,100,5,1,0;;;;;;1645;,;-81.5;,;-4.6;,;760;,;100;,;5;,;1;,;0;1645,-81.5,-4.6,760,100,5,1,0
1646,-81.1,-4.6,760,100,5,1,0;;;;;;1646;,;-81.1;,;-4.6;,;760;,;100;,;5;,;1;,;0;1646,-81.1,-4.6,760,100,5,1,0
1647,-80.7,-4.6,760,100,5,1,0;;;;;;1647;,;-80.7;,;-4.6;,;760;,;100;,;5;,;1;,;0;1647,-80.7,-4.6,760,100,5,1,0
1648,-80.3,-4.6,760,100,5,1,0;;;;;;1648;,;-80.3;,;-4.6;,;760;,;100;,;5;,;1;,;0;1648,-80.3,-4.6,760,100,5,1,0
1649,-79.9,-4.6,760,100,5,1,0;;;;;;1649;,;-79.9;,;-4.6;,;760;,;100;,;5;,;1;,;0;1649,-79.9,-4.6,760,100,5,1,0
1650,-79.5,-4.6,760,100,5,1,0;;;;;;1650;,;-79.5;,;-4.6;,;760;,;100;,;5;,;1;,;0;1650,-79.5,-4.6,760,100,5,1,0
1651,-79.1,-4.6,760,100,5,1,0;;;;;;1651;,;-79.1;,;-4.6;,;760;,;100;,;5;,;1;,;0;1651,-79.1,-4.6,760,100,5,1,0
1652,-78.7,-4.6,760,100,5,1,0;;;;;;1652;,;-78.7;,;-4.6;,;760;,;100;,;5;,;1;,;0;1652,-78.7,-4.6,760,100,5,1,0
1653,-78.3,-4.6,760,100,5,1,0;;;;;;1653;,;-78.3;,;-4.6;,;760;,;100;,;5;,;1;,;0;1653,-78.3,-4.6,760,100,5,1,0
1654,-77.9,-4.6,760,100,5,1,0;;;;;;1654;,;-77.9;,;-4.6;,;760;,;100;,;5;,;1;,;0;1654,-77.9,-4.6,760,100,5,1,0
1655,-77.5,-4.6,760,100,5,1,0;;;;;;1655;,;-77.5;,;-4.6;,;760;,;100;,;5;,;1;,;0;1655,-77.5,-4.6,760,100,5,1,0
1656,-77.1,-4.6,760,100,5,1,0;;;;;;1656;,;-77.1;,;-4.6;,;760;,;100;,;5;,;1;,;0;1656,-77.1,-4.6,760,100,5,1,0
1657,-76.7,-4.6,760,100,5,1,0;;;;;;1657;,;-76.7;,;-4.6;,;760;,;100;,;5;,;1;,;0;1657,-76.7,-4.6,760,100,5,1,0
1658,-76.3,-4.6,760,100,5,1,0;;;;;;1658;,;-76.3;,;-4.6;,;760;,;100;,;5;,;1;,;0;1658,-76.3,-4.6,760,100,5,1,0
1659,-75.9,-4.6,760,100,5,1,0;;;;;;1659;,;-75.9;,;-4.6;,;760;,;100;,;5;,;1;,;0;1659,-75.9,-4.6,760,100,5,1,0
1660,-75.5,-4.6,760,100,5,1,0;;;;;;1660;,;-75.5;,;-4.6;,;760;,;100;,;5;,;1;,;0;1660,-75.5,-4.6,760,100,5,1,0
1661,-75.1,-4.6,760,100,5,1,0;;;;;;1661;,;-75.1;,;-4.6;,;760;,;100;,;5;,;1;,;0;1661,-75.1,-4.6,760,100,5,1,0
1662,-74.7,-4.6,760,100,5,1,0;;;;;;1662;,;-74.7;,;-4.6;,;760;,;100;,;5;,;1;,;0;1662,-74.7,-4.6,760,100,5,1,0
1663,-74.3,-4.6,760,100,5,1,0;;;;;;1663;,;-74.3;,;-4.6;,;760;,;100;,;5;,;1;,;0;1663,-74.3,-4.6,760,100,5,1,0
1664,-73.9,-4.6,760,100,5,1,0;;;;;;1664;,;-73.9;,;-4.6;,;760;,;100;,;5;,;1;,;0;1664,-73.9,-4.6,760,100,5,1,0
1665,-73.5,-4.6,760,100,5,1,0;;;;;;1665;,;-73.5;,;-4.6;,;760;,;100;,;5;,;1;,;0;1665,-73.5,-4.6,760,100,5,1,0
1666,-73.1,-4.6,760,100,5,1,0;;;;;;1666;,;-73.1;,;-4.6;,;760;,;100;,;5;,;1;,;0;1666,-73.1,-4.6,760,100,5,1,0
1667,-72.7,-4.6,760,100,5,1,0;;;;;;1667;,;-72.7;,;-4.6;,;760;,;100;,;5;,;1;,;0;1667,-72.7,-4.6,760,100,5,1,0
1668,-72.3,-4.6,760,100,5,1,0;;;;;;1668;,;-72.3;,;-4.6;,;760;,;100;,;5;,;1;,;0;1668,-72.3,-4.6,760,100,5,1,0
1669,-71.9,-4.6,760,100,5,1,0;;;;;;1669;,;-71.9;,;-4.6;,;760;,;100;,;5;,;1;,;0;1669,-71.9,-4.6,760,100,5,1,0
1670,-71.5,-4.6,760,100,5,1,0;;;;;;1670;,;-71.5;,;-4.6;,;760;,;100;,;5;,;1;,;0;1670,-71.5,-4.6,760,100,5,1,0
1671,-71.1,-4.6,760,100,5,1,0;;;;;;1671;,;-71.1;,;-4.6;,;760;,;100;,;5;,;1;,;0;1671,-71.1,-4.6,760,100,5,1,0
1672,-70.7,-4.6,760,100,5,1,0;;;;;;1672;,;-70.7;,;-4.6;,;760;,;100;,;5;,;1;,;0;1672,-70.7,-4.6,760,100,5,1,0
1673,-70.3,-4.6,760,100,5,1,0;;;;;;1673;,;-70.3;,;-4.6;,;760;,;100;,;5;,;1;,;0;1673,-70.3,-4.6,760,100,5,1,0
1674,-69.9,-4.6,760,100,5,1,0;;;;;;1674;,;-69.9;,;-4.6;,;760;,;100;,;5;,;1;,;0;1674,-69.9,-4.6,760,100,5,1,0
1675,-81.5,-4.2,760,100,5,1,0;;;;;;1675;,;-81.5;,;-4.2;,;760;,;100;,;5;,;1;,;0;1675,-81.5,-4.2,760,100,5,1,0
1676,-81.1,-4.2,760,100,5,1,0;;;;;;1676;,;-81.1;,;-4.2;,;760;,;100;,;5;,;1;,;0;1676,-81.1,-4.2,760,100,5,1,0
1677,-80.7,-4.2,760,100,5,1,0;;;;;;1677;,;-80.7;,;-4.2;,;760;,;100;,;5;,;1;,;0;1677,-80.7,-4.2,760,100,5,1,0
1678,-80.3,-4.2,760,100,5,1,0;;;;;;1678;,;-80.3;,;-4.2;,;760;,;100;,;5;,;1;,;0;1678,-80.3,-4.2,760,100,5,1,0
1679,-79.9,-4.2,760,100,5,1,0;;;;;;1679;,;-79.9;,;-4.2;,;760;,;100;,;5;,;1;,;0;1679,-79.9,-4.2,760,100,5,1,0
1680,-79.5,-4.2,760,100,5,1,0;;;;;;1680;,;-79.5;,;-4.2;,;760;,;100;,;5;,;1;,;0;1680,-79.5,-4.2,760,100,5,1,0
1681,-79.1,-4.2,760,100,5,1,0;;;;;;1681;,;-79.1;,;-4.2;,;760;,;100;,;5;,;1;,;0;1681,-79.1,-4.2,760,100,5,1,0
1682,-78.7,-4.2,760,100,5,1,0;;;;;;1682;,;-78.7;,;-4.2;,;760;,;100;,;5;,;1;,;0;1682,-78.7,-4.2,760,100,5,1,0
1683,-78.3,-4.2,760,100,5,1,0;;;;;;1683;,;-78.3;,;-4.2;,;760;,;100;,;5;,;1;,;0;1683,-78.3,-4.2,760,100,5,1,0
1684,-77.9,-4.2,760,100,5,1,0;;;;;;1684;,;-77.9;,;-4.2;,;760;,;100;,;5;,;1;,;0;1684,-77.9,-4.2,760,100,5,1,0
1685,-77.5,-4.2,760,100,5,1,0;;;;;;1685;,;-77.5;,;-4.2;,;760;,;100;,;5;,;1;,;0;1685,-77.5,-4.2,760,100,5,1,0
1686,-77.1,-4.2,760,100,5,1,0;;;;;;1686;,;-77.1;,;-4.2;,;760;,;100;,;5;,;1;,;0;1686,-77.1,-4.2,760,100,5,1,0
1687,-76.7,-4.2,760,100,5,1,0;;;;;;1687;,;-76.7;,;-4.2;,;760;,;100;,;5;,;1;,;0;1687,-76.7,-4.2,760,100,5,1,0
1688,-76.3,-4.2,760,100,5,1,0;;;;;;1688;,;-76.3;,;-4.2;,;760;,;100;,;5;,;1;,;0;1688,-76.3,-4.2,760,100,5,1,0
1689,-75.9,-4.2,760,100,5,1,0;;;;;;1689;,;-75.9;,;-4.2;,;760;,;100;,;5;,;1;,;0;1689,-75.9,-4.2,760,100,5,1,0
1690,-75.5,-4.2,760,100,5,1,0;;;;;;1690;,;-75.5;,;-4.2;,;760;,;100;,;5;,;1;,;0;1690,-75.5,-4.2,760,100,5,1,0
1691,-75.1,-4.2,760,100,5,1,0;;;;;;1691;,;-75.1;,;-4.2;,;760;,;100;,;5;,;1;,;0;1691,-75.1,-4.2,760,100,5,1,0
1692,-74.7,-4.2,760,100,5,1,0;;;;;;1692;,;-74.7;,;-4.2;,;760;,;100;,;5;,;1;,;0;1692,-74.7,-4.2,760,100,5,1,0
1693,-74.3,-4.2,760,100,5,1,0;;;;;;1693;,;-74.3;,;-4.2;,;760;,;100;,;5;,;1;,;0;1693,-74.3,-4.2,760,100,5,1,0
1694,-73.9,-4.2,760,100,5,1,0;;;;;;1694;,;-73.9;,;-4.2;,;760;,;100;,;5;,;1;,;0;1694,-73.9,-4.2,760,100,5,1,0
1695,-73.5,-4.2,760,100,5,1,0;;;;;;1695;,;-73.5;,;-4.2;,;760;,;100;,;5;,;1;,;0;1695,-73.5,-4.2,760,100,5,1,0
1696,-73.1,-4.2,760,100,5,1,0;;;;;;1696;,;-73.1;,;-4.2;,;760;,;100;,;5;,;1;,;0;1696,-73.1,-4.2,760,100,5,1,0
1697,-72.7,-4.2,760,100,5,1,0;;;;;;1697;,;-72.7;,;-4.2;,;760;,;100;,;5;,;1;,;0;1697,-72.7,-4.2,760,100,5,1,0
1698,-72.3,-4.2,760,100,5,1,0;;;;;;1698;,;-72.3;,;-4.2;,;760;,;100;,;5;,;1;,;0;1698,-72.3,-4.2,760,100,5,1,0
1699,-71.9,-4.2,760,100,5,1,0;;;;;;1699;,;-71.9;,;-4.2;,;760;,;100;,;5;,;1;,;0;1699,-71.9,-4.2,760,100,5,1,0
1700,-71.5,-4.2,760,100,5,1,0;;;;;;1700;,;-71.5;,;-4.2;,;760;,;100;,;5;,;1;,;0;1700,-71.5,-4.2,760,100,5,1,0
1701,-71.1,-4.2,760,100,5,1,0;;;;;;1701;,;-71.1;,;-4.2;,;760;,;100;,;5;,;1;,;0;1701,-71.1,-4.2,760,100,5,1,0
1702,-70.7,-4.2,760,100,5,1,0;;;;;;1702;,;-70.7;,;-4.2;,;760;,;100;,;5;,;1;,;0;1702,-70.7,-4.2,760,100,5,1,0
1703,-70.3,-4.2,760,100,5,1,0;;;;;;1703;,;-70.3;,;-4.2;,;760;,;100;,;5;,;1;,;0;1703,-70.3,-4.2,760,100,5,1,0
1704,-69.9,-4.2,760,100,5,1,0;;;;;;1704;,;-69.9;,;-4.2;,;760;,;100;,;5;,;1;,;0;1704,-69.9,-4.2,760,100,5,1,0
1705,-69.5,-4.2,760,100,5,1,0;;;;;;1705;,;-69.5;,;-4.2;,;760;,;100;,;5;,;1;,;0;1705,-69.5,-4.2,760,100,5,1,0
1706,-81.1,-3.8,760,100,5,1,0;;;;;;1706;,;-81.1;,;-3.8;,;760;,;100;,;5;,;1;,;0;1706,-81.1,-3.8,760,100,5,1,0
1707,-80.7,-3.8,760,100,5,1,0;;;;;;1707;,;-80.7;,;-3.8;,;760;,;100;,;5;,;1;,;0;1707,-80.7,-3.8,760,100,5,1,0
1708,-80.3,-3.8,760,100,5,1,0;;;;;;1708;,;-80.3;,;-3.8;,;760;,;100;,;5;,;1;,;0;1708,-80.3,-3.8,760,100,5,1,0
1709,-79.9,-3.8,760,100,5,1,0;;;;;;1709;,;-79.9;,;-3.8;,;760;,;100;,;5;,;1;,;0;1709,-79.9,-3.8,760,100,5,1,0
1710,-78.7,-3.8,760,100,5,1,0;;;;;;1710;,;-78.7;,;-3.8;,;760;,;100;,;5;,;1;,;0;1710,-78.7,-3.8,760,100,5,1,0
1711,-78.3,-3.8,760,100,5,1,0;;;;;;1711;,;-78.3;,;-3.8;,;760;,;100;,;5;,;1;,;0;1711,-78.3,-3.8,760,100,5,1,0
1712,-77.9,-3.8,760,100,5,1,0;;;;;;1712;,;-77.9;,;-3.8;,;760;,;100;,;5;,;1;,;0;1712,-77.9,-3.8,760,100,5,1,0
1713,-77.5,-3.8,760,100,5,1,0;;;;;;1713;,;-77.5;,;-3.8;,;760;,;100;,;5;,;1;,;0;1713,-77.5,-3.8,760,100,5,1,0
1714,-77.1,-3.8,760,100,5,1,0;;;;;;1714;,;-77.1;,;-3.8;,;760;,;100;,;5;,;1;,;0;1714,-77.1,-3.8,760,100,5,1,0
1715,-76.7,-3.8,760,100,5,1,0;;;;;;1715;,;-76.7;,;-3.8;,;760;,;100;,;5;,;1;,;0;1715,-76.7,-3.8,760,100,5,1,0
1716,-76.3,-3.8,760,100,5,1,0;;;;;;1716;,;-76.3;,;-3.8;,;760;,;100;,;5;,;1;,;0;1716,-76.3,-3.8,760,100,5,1,0
1717,-75.9,-3.8,760,100,5,1,0;;;;;;1717;,;-75.9;,;-3.8;,;760;,;100;,;5;,;1;,;0;1717,-75.9,-3.8,760,100,5,1,0
1718,-75.5,-3.8,760,100,5,1,0;;;;;;1718;,;-75.5;,;-3.8;,;760;,;100;,;5;,;1;,;0;1718,-75.5,-3.8,760,100,5,1,0
1719,-75.1,-3.8,760,100,5,1,0;;;;;;1719;,;-75.1;,;-3.8;,;760;,;100;,;5;,;1;,;0;1719,-75.1,-3.8,760,100,5,1,0
1720,-74.7,-3.8,760,100,5,1,0;;;;;;1720;,;-74.7;,;-3.8;,;760;,;100;,;5;,;1;,;0;1720,-74.7,-3.8,760,100,5,1,0
1721,-74.3,-3.8,760,100,5,1,0;;;;;;1721;,;-74.3;,;-3.8;,;760;,;100;,;5;,;1;,;0;1721,-74.3,-3.8,760,100,5,1,0
1722,-73.9,-3.8,760,100,5,1,0;;;;;;1722;,;-73.9;,;-3.8;,;760;,;100;,;5;,;1;,;0;1722,-73.9,-3.8,760,100,5,1,0
1723,-73.5,-3.8,760,100,5,1,0;;;;;;1723;,;-73.5;,;-3.8;,;760;,;100;,;5;,;1;,;0;1723,-73.5,-3.8,760,100,5,1,0
1724,-73.1,-3.8,760,100,5,1,0;;;;;;1724;,;-73.1;,;-3.8;,;760;,;100;,;5;,;1;,;0;1724,-73.1,-3.8,760,100,5,1,0
1725,-72.7,-3.8,760,100,5,1,0;;;;;;1725;,;-72.7;,;-3.8;,;760;,;100;,;5;,;1;,;0;1725,-72.7,-3.8,760,100,5,1,0
1726,-72.3,-3.8,760,100,5,1,0;;;;;;1726;,;-72.3;,;-3.8;,;760;,;100;,;5;,;1;,;0;1726,-72.3,-3.8,760,100,5,1,0
1727,-71.9,-3.8,760,100,5,1,0;;;;;;1727;,;-71.9;,;-3.8;,;760;,;100;,;5;,;1;,;0;1727,-71.9,-3.8,760,100,5,1,0
1728,-71.5,-3.8,760,100,5,1,0;;;;;;1728;,;-71.5;,;-3.8;,;760;,;100;,;5;,;1;,;0;1728,-71.5,-3.8,760,100,5,1,0
1729,-71.1,-3.8,760,100,5,1,0;;;;;;1729;,;-71.1;,;-3.8;,;760;,;100;,;5;,;1;,;0;1729,-71.1,-3.8,760,100,5,1,0
1730,-70.7,-3.8,760,100,5,1,0;;;;;;1730;,;-70.7;,;-3.8;,;760;,;100;,;5;,;1;,;0;1730,-70.7,-3.8,760,100,5,1,0
1731,-70.3,-3.8,760,100,5,1,0;;;;;;1731;,;-70.3;,;-3.8;,;760;,;100;,;5;,;1;,;0;1731,-70.3,-3.8,760,100,5,1,0
1732,-69.9,-3.8,760,100,5,1,0;;;;;;1732;,;-69.9;,;-3.8;,;760;,;100;,;5;,;1;,;0;1732,-69.9,-3.8,760,100,5,1,0
1733,-80.7,-3.4,760,100,5,1,0;;;;;;1733;,;-80.7;,;-3.4;,;760;,;100;,;5;,;1;,;0;1733,-80.7,-3.4,760,100,5,1,0
1734,-80.3,-3.4,760,100,5,1,0;;;;;;1734;,;-80.3;,;-3.4;,;760;,;100;,;5;,;1;,;0;1734,-80.3,-3.4,760,100,5,1,0
1735,-79.9,-3.4,760,100,5,1,0;;;;;;1735;,;-79.9;,;-3.4;,;760;,;100;,;5;,;1;,;0;1735,-79.9,-3.4,760,100,5,1,0
1736,-78.7,-3.4,760,100,5,1,0;;;;;;1736;,;-78.7;,;-3.4;,;760;,;100;,;5;,;1;,;0;1736,-78.7,-3.4,760,100,5,1,0
1737,-78.3,-3.4,760,100,5,1,0;;;;;;1737;,;-78.3;,;-3.4;,;760;,;100;,;5;,;1;,;0;1737,-78.3,-3.4,760,100,5,1,0
1738,-77.9,-3.4,760,100,5,1,0;;;;;;1738;,;-77.9;,;-3.4;,;760;,;100;,;5;,;1;,;0;1738,-77.9,-3.4,760,100,5,1,0
1739,-77.5,-3.4,760,100,5,1,0;;;;;;1739;,;-77.5;,;-3.4;,;760;,;100;,;5;,;1;,;0;1739,-77.5,-3.4,760,100,5,1,0
1740,-77.1,-3.4,760,100,5,1,0;;;;;;1740;,;-77.1;,;-3.4;,;760;,;100;,;5;,;1;,;0;1740,-77.1,-3.4,760,100,5,1,0
1741,-76.7,-3.4,760,100,5,1,0;;;;;;1741;,;-76.7;,;-3.4;,;760;,;100;,;5;,;1;,;0;1741,-76.7,-3.4,760,100,5,1,0
1742,-76.3,-3.4,760,100,5,1,0;;;;;;1742;,;-76.3;,;-3.4;,;760;,;100;,;5;,;1;,;0;1742,-76.3,-3.4,760,100,5,1,0
1743,-75.9,-3.4,760,100,5,1,0;;;;;;1743;,;-75.9;,;-3.4;,;760;,;100;,;5;,;1;,;0;1743,-75.9,-3.4,760,100,5,1,0
1744,-75.5,-3.4,760,100,5,1,0;;;;;;1744;,;-75.5;,;-3.4;,;760;,;100;,;5;,;1;,;0;1744,-75.5,-3.4,760,100,5,1,0
1745,-75.1,-3.4,760,100,5,1,0;;;;;;1745;,;-75.1;,;-3.4;,;760;,;100;,;5;,;1;,;0;1745,-75.1,-3.4,760,100,5,1,0
1746,-74.7,-3.4,760,100,5,1,0;;;;;;1746;,;-74.7;,;-3.4;,;760;,;100;,;5;,;1;,;0;1746,-74.7,-3.4,760,100,5,1,0
1747,-74.3,-3.4,760,100,5,1,0;;;;;;1747;,;-74.3;,;-3.4;,;760;,;100;,;5;,;1;,;0;1747,-74.3,-3.4,760,100,5,1,0
1748,-73.9,-3.4,760,100,5,1,0;;;;;;1748;,;-73.9;,;-3.4;,;760;,;100;,;5;,;1;,;0;1748,-73.9,-3.4,760,100,5,1,0
1749,-73.5,-3.4,760,100,5,1,0;;;;;;1749;,;-73.5;,;-3.4;,;760;,;100;,;5;,;1;,;0;1749,-73.5,-3.4,760,100,5,1,0
1750,-73.1,-3.4,760,100,5,1,0;;;;;;1750;,;-73.1;,;-3.4;,;760;,;100;,;5;,;1;,;0;1750,-73.1,-3.4,760,100,5,1,0
1751,-72.7,-3.4,760,100,5,1,0;;;;;;1751;,;-72.7;,;-3.4;,;760;,;100;,;5;,;1;,;0;1751,-72.7,-3.4,760,100,5,1,0
1752,-72.3,-3.4,760,100,5,1,0;;;;;;1752;,;-72.3;,;-3.4;,;760;,;100;,;5;,;1;,;0;1752,-72.3,-3.4,760,100,5,1,0
1753,-71.9,-3.4,760,100,5,1,0;;;;;;1753;,;-71.9;,;-3.4;,;760;,;100;,;5;,;1;,;0;1753,-71.9,-3.4,760,100,5,1,0
1754,-71.5,-3.4,760,100,5,1,0;;;;;;1754;,;-71.5;,;-3.4;,;760;,;100;,;5;,;1;,;0;1754,-71.5,-3.4,760,100,5,1,0
1755,-71.1,-3.4,760,100,5,1,0;;;;;;1755;,;-71.1;,;-3.4;,;760;,;100;,;5;,;1;,;0;1755,-71.1,-3.4,760,100,5,1,0
1756,-70.7,-3.4,760,100,5,1,0;;;;;;1756;,;-70.7;,;-3.4;,;760;,;100;,;5;,;1;,;0;1756,-70.7,-3.4,760,100,5,1,0
1757,-70.3,-3.4,760,100,5,1,0;;;;;;1757;,;-70.3;,;-3.4;,;760;,;100;,;5;,;1;,;0;1757,-70.3,-3.4,760,100,5,1,0
1758,-69.9,-3.4,760,100,5,1,0;;;;;;1758;,;-69.9;,;-3.4;,;760;,;100;,;5;,;1;,;0;1758,-69.9,-3.4,760,100,5,1,0
1759,-80.3,-3,760,100,5,1,0;;;;;;1759;,;-80.3;,;-3;,;760;,;100;,;5;,;1;,;0;1759,-80.3,-3,760,100,5,1,0
1760,-78.3,-3,760,100,5,1,0;;;;;;1760;,;-78.3;,;-3;,;760;,;100;,;5;,;1;,;0;1760,-78.3,-3,760,100,5,1,0
1761,-77.9,-3,760,100,5,1,0;;;;;;1761;,;-77.9;,;-3;,;760;,;100;,;5;,;1;,;0;1761,-77.9,-3,760,100,5,1,0
1762,-77.5,-3,760,100,5,1,0;;;;;;1762;,;-77.5;,;-3;,;760;,;100;,;5;,;1;,;0;1762,-77.5,-3,760,100,5,1,0
1763,-77.1,-3,760,100,5,1,0;;;;;;1763;,;-77.1;,;-3;,;760;,;100;,;5;,;1;,;0;1763,-77.1,-3,760,100,5,1,0
1764,-76.7,-3,760,100,5,1,0;;;;;;1764;,;-76.7;,;-3;,;760;,;100;,;5;,;1;,;0;1764,-76.7,-3,760,100,5,1,0
1765,-76.3,-3,760,100,5,1,0;;;;;;1765;,;-76.3;,;-3;,;760;,;100;,;5;,;1;,;0;1765,-76.3,-3,760,100,5,1,0
1766,-75.9,-3,760,100,5,1,0;;;;;;1766;,;-75.9;,;-3;,;760;,;100;,;5;,;1;,;0;1766,-75.9,-3,760,100,5,1,0
1767,-75.5,-3,760,100,5,1,0;;;;;;1767;,;-75.5;,;-3;,;760;,;100;,;5;,;1;,;0;1767,-75.5,-3,760,100,5,1,0
1768,-75.1,-3,760,100,5,1,0;;;;;;1768;,;-75.1;,;-3;,;760;,;100;,;5;,;1;,;0;1768,-75.1,-3,760,100,5,1,0
1769,-74.7,-3,760,100,5,1,0;;;;;;1769;,;-74.7;,;-3;,;760;,;100;,;5;,;1;,;0;1769,-74.7,-3,760,100,5,1,0
1770,-74.3,-3,760,100,5,1,0;;;;;;1770;,;-74.3;,;-3;,;760;,;100;,;5;,;1;,;0;1770,-74.3,-3,760,100,5,1,0
1771,-73.9,-3,760,100,5,1,0;;;;;;1771;,;-73.9;,;-3;,;760;,;100;,;5;,;1;,;0;1771,-73.9,-3,760,100,5,1,0
1772,-73.5,-3,760,100,5,1,0;;;;;;1772;,;-73.5;,;-3;,;760;,;100;,;5;,;1;,;0;1772,-73.5,-3,760,100,5,1,0
1773,-73.1,-3,760,100,5,1,0;;;;;;1773;,;-73.1;,;-3;,;760;,;100;,;5;,;1;,;0;1773,-73.1,-3,760,100,5,1,0
1774,-72.7,-3,760,100,5,1,0;;;;;;1774;,;-72.7;,;-3;,;760;,;100;,;5;,;1;,;0;1774,-72.7,-3,760,100,5,1,0
1775,-72.3,-3,760,100,5,1,0;;;;;;1775;,;-72.3;,;-3;,;760;,;100;,;5;,;1;,;0;1775,-72.3,-3,760,100,5,1,0
1776,-71.9,-3,760,100,5,1,0;;;;;;1776;,;-71.9;,;-3;,;760;,;100;,;5;,;1;,;0;1776,-71.9,-3,760,100,5,1,0
1777,-71.5,-3,760,100,5,1,0;;;;;;1777;,;-71.5;,;-3;,;760;,;100;,;5;,;1;,;0;1777,-71.5,-3,760,100,5,1,0
1778,-71.1,-3,760,100,5,1,0;;;;;;1778;,;-71.1;,;-3;,;760;,;100;,;5;,;1;,;0;1778,-71.1,-3,760,100,5,1,0
1779,-70.7,-3,760,100,5,1,0;;;;;;1779;,;-70.7;,;-3;,;760;,;100;,;5;,;1;,;0;1779,-70.7,-3,760,100,5,1,0
1780,-70.3,-3,760,100,5,1,0;;;;;;1780;,;-70.3;,;-3;,;760;,;100;,;5;,;1;,;0;1780,-70.3,-3,760,100,5,1,0
1781,-69.9,-3,760,100,5,1,0;;;;;;1781;,;-69.9;,;-3;,;760;,;100;,;5;,;1;,;0;1781,-69.9,-3,760,100,5,1,0
1782,-77.9,-2.6,760,100,5,1,0;;;;;;1782;,;-77.9;,;-2.6;,;760;,;100;,;5;,;1;,;0;1782,-77.9,-2.6,760,100,5,1,0
1783,-77.5,-2.6,760,100,5,1,0;;;;;;1783;,;-77.5;,;-2.6;,;760;,;100;,;5;,;1;,;0;1783,-77.5,-2.6,760,100,5,1,0
1784,-77.1,-2.6,760,100,5,1,0;;;;;;1784;,;-77.1;,;-2.6;,;760;,;100;,;5;,;1;,;0;1784,-77.1,-2.6,760,100,5,1,0
1785,-76.7,-2.6,760,100,5,1,0;;;;;;1785;,;-76.7;,;-2.6;,;760;,;100;,;5;,;1;,;0;1785,-76.7,-2.6,760,100,5,1,0
1786,-76.3,-2.6,760,100,5,1,0;;;;;;1786;,;-76.3;,;-2.6;,;760;,;100;,;5;,;1;,;0;1786,-76.3,-2.6,760,100,5,1,0
1787,-75.9,-2.6,760,100,5,1,0;;;;;;1787;,;-75.9;,;-2.6;,;760;,;100;,;5;,;1;,;0;1787,-75.9,-2.6,760,100,5,1,0
1788,-75.5,-2.6,760,100,5,1,0;;;;;;1788;,;-75.5;,;-2.6;,;760;,;100;,;5;,;1;,;0;1788,-75.5,-2.6,760,100,5,1,0
1789,-75.1,-2.6,760,100,5,1,0;;;;;;1789;,;-75.1;,;-2.6;,;760;,;100;,;5;,;1;,;0;1789,-75.1,-2.6,760,100,5,1,0
1790,-74.7,-2.6,760,100,5,1,0;;;;;;1790;,;-74.7;,;-2.6;,;760;,;100;,;5;,;1;,;0;1790,-74.7,-2.6,760,100,5,1,0
1791,-74.3,-2.6,760,100,5,1,0;;;;;;1791;,;-74.3;,;-2.6;,;760;,;100;,;5;,;1;,;0;1791,-74.3,-2.6,760,100,5,1,0
1792,-73.9,-2.6,760,100,5,1,0;;;;;;1792;,;-73.9;,;-2.6;,;760;,;100;,;5;,;1;,;0;1792,-73.9,-2.6,760,100,5,1,0
1793,-73.5,-2.6,760,100,5,1,0;;;;;;1793;,;-73.5;,;-2.6;,;760;,;100;,;5;,;1;,;0;1793,-73.5,-2.6,760,100,5,1,0
1794,-73.1,-2.6,760,100,5,1,0;;;;;;1794;,;-73.1;,;-2.6;,;760;,;100;,;5;,;1;,;0;1794,-73.1,-2.6,760,100,5,1,0
1795,-72.7,-2.6,760,100,5,1,0;;;;;;1795;,;-72.7;,;-2.6;,;760;,;100;,;5;,;1;,;0;1795,-72.7,-2.6,760,100,5,1,0
1796,-72.3,-2.6,760,100,5,1,0;;;;;;1796;,;-72.3;,;-2.6;,;760;,;100;,;5;,;1;,;0;1796,-72.3,-2.6,760,100,5,1,0
1797,-71.9,-2.6,760,100,5,1,0;;;;;;1797;,;-71.9;,;-2.6;,;760;,;100;,;5;,;1;,;0;1797,-71.9,-2.6,760,100,5,1,0
1798,-71.5,-2.6,760,100,5,1,0;;;;;;1798;,;-71.5;,;-2.6;,;760;,;100;,;5;,;1;,;0;1798,-71.5,-2.6,760,100,5,1,0
1799,-71.1,-2.6,760,100,5,1,0;;;;;;1799;,;-71.1;,;-2.6;,;760;,;100;,;5;,;1;,;0;1799,-71.1,-2.6,760,100,5,1,0
1800,-70.7,-2.6,760,100,5,1,0;;;;;;1800;,;-70.7;,;-2.6;,;760;,;100;,;5;,;1;,;0;1800,-70.7,-2.6,760,100,5,1,0
1801,-70.3,-2.6,760,100,5,1,0;;;;;;1801;,;-70.3;,;-2.6;,;760;,;100;,;5;,;1;,;0;1801,-70.3,-2.6,760,100,5,1,0
1802,-69.9,-2.6,760,100,5,1,0;;;;;;1802;,;-69.9;,;-2.6;,;760;,;100;,;5;,;1;,;0;1802,-69.9,-2.6,760,100,5,1,0
1803,-76.7,-2.2,760,100,5,1,0;;;;;;1803;,;-76.7;,;-2.2;,;760;,;100;,;5;,;1;,;0;1803,-76.7,-2.2,760,100,5,1,0
1804,-76.3,-2.2,760,100,5,1,0;;;;;;1804;,;-76.3;,;-2.2;,;760;,;100;,;5;,;1;,;0;1804,-76.3,-2.2,760,100,5,1,0
1805,-75.9,-2.2,760,100,5,1,0;;;;;;1805;,;-75.9;,;-2.2;,;760;,;100;,;5;,;1;,;0;1805,-75.9,-2.2,760,100,5,1,0
1806,-75.5,-2.2,760,100,5,1,0;;;;;;1806;,;-75.5;,;-2.2;,;760;,;100;,;5;,;1;,;0;1806,-75.5,-2.2,760,100,5,1,0
1807,-75.1,-2.2,760,100,5,1,0;;;;;;1807;,;-75.1;,;-2.2;,;760;,;100;,;5;,;1;,;0;1807,-75.1,-2.2,760,100,5,1,0
1808,-74.7,-2.2,760,100,5,1,0;;;;;;1808;,;-74.7;,;-2.2;,;760;,;100;,;5;,;1;,;0;1808,-74.7,-2.2,760,100,5,1,0
1809,-74.3,-2.2,760,100,5,1,0;;;;;;1809;,;-74.3;,;-2.2;,;760;,;100;,;5;,;1;,;0;1809,-74.3,-2.2,760,100,5,1,0
1810,-73.9,-2.2,760,100,5,1,0;;;;;;1810;,;-73.9;,;-2.2;,;760;,;100;,;5;,;1;,;0;1810,-73.9,-2.2,760,100,5,1,0
1811,-73.5,-2.2,760,100,5,1,0;;;;;;1811;,;-73.5;,;-2.2;,;760;,;100;,;5;,;1;,;0;1811,-73.5,-2.2,760,100,5,1,0
1812,-73.1,-2.2,760,100,5,1,0;;;;;;1812;,;-73.1;,;-2.2;,;760;,;100;,;5;,;1;,;0;1812,-73.1,-2.2,760,100,5,1,0
1813,-72.7,-2.2,760,100,5,1,0;;;;;;1813;,;-72.7;,;-2.2;,;760;,;100;,;5;,;1;,;0;1813,-72.7,-2.2,760,100,5,1,0
1814,-72.3,-2.2,760,100,5,1,0;;;;;;1814;,;-72.3;,;-2.2;,;760;,;100;,;5;,;1;,;0;1814,-72.3,-2.2,760,100,5,1,0
1815,-71.9,-2.2,760,100,5,1,0;;;;;;1815;,;-71.9;,;-2.2;,;760;,;100;,;5;,;1;,;0;1815,-71.9,-2.2,760,100,5,1,0
1816,-71.5,-2.2,760,100,5,1,0;;;;;;1816;,;-71.5;,;-2.2;,;760;,;100;,;5;,;1;,;0;1816,-71.5,-2.2,760,100,5,1,0
1817,-71.1,-2.2,760,100,5,1,0;;;;;;1817;,;-71.1;,;-2.2;,;760;,;100;,;5;,;1;,;0;1817,-71.1,-2.2,760,100,5,1,0
1818,-70.7,-2.2,760,100,5,1,0;;;;;;1818;,;-70.7;,;-2.2;,;760;,;100;,;5;,;1;,;0;1818,-70.7,-2.2,760,100,5,1,0
1819,-70.3,-2.2,760,100,5,1,0;;;;;;1819;,;-70.3;,;-2.2;,;760;,;100;,;5;,;1;,;0;1819,-70.3,-2.2,760,100,5,1,0
1820,-69.9,-2.2,760,100,5,1,0;;;;;;1820;,;-69.9;,;-2.2;,;760;,;100;,;5;,;1;,;0;1820,-69.9,-2.2,760,100,5,1,0
1821,-75.9,-1.8,760,100,5,1,0;;;;;;1821;,;-75.9;,;-1.8;,;760;,;100;,;5;,;1;,;0;1821,-75.9,-1.8,760,100,5,1,0
1822,-75.5,-1.8,760,100,5,1,0;;;;;;1822;,;-75.5;,;-1.8;,;760;,;100;,;5;,;1;,;0;1822,-75.5,-1.8,760,100,5,1,0
1823,-75.1,-1.8,760,100,5,1,0;;;;;;1823;,;-75.1;,;-1.8;,;760;,;100;,;5;,;1;,;0;1823,-75.1,-1.8,760,100,5,1,0
1824,-74.7,-1.8,760,100,5,1,0;;;;;;1824;,;-74.7;,;-1.8;,;760;,;100;,;5;,;1;,;0;1824,-74.7,-1.8,760,100,5,1,0
1825,-74.3,-1.8,760,100,5,1,0;;;;;;1825;,;-74.3;,;-1.8;,;760;,;100;,;5;,;1;,;0;1825,-74.3,-1.8,760,100,5,1,0
1826,-73.9,-1.8,760,100,5,1,0;;;;;;1826;,;-73.9;,;-1.8;,;760;,;100;,;5;,;1;,;0;1826,-73.9,-1.8,760,100,5,1,0
1827,-73.5,-1.8,760,100,5,1,0;;;;;;1827;,;-73.5;,;-1.8;,;760;,;100;,;5;,;1;,;0;1827,-73.5,-1.8,760,100,5,1,0
1828,-73.1,-1.8,760,100,5,1,0;;;;;;1828;,;-73.1;,;-1.8;,;760;,;100;,;5;,;1;,;0;1828,-73.1,-1.8,760,100,5,1,0
1829,-72.7,-1.8,760,100,5,1,0;;;;;;1829;,;-72.7;,;-1.8;,;760;,;100;,;5;,;1;,;0;1829,-72.7,-1.8,760,100,5,1,0
1830,-71.9,-1.8,760,100,5,1,0;;;;;;1830;,;-71.9;,;-1.8;,;760;,;100;,;5;,;1;,;0;1830,-71.9,-1.8,760,100,5,1,0
1831,-71.5,-1.8,760,100,5,1,0;;;;;;1831;,;-71.5;,;-1.8;,;760;,;100;,;5;,;1;,;0;1831,-71.5,-1.8,760,100,5,1,0
1832,-71.1,-1.8,760,100,5,1,0;;;;;;1832;,;-71.1;,;-1.8;,;760;,;100;,;5;,;1;,;0;1832,-71.1,-1.8,760,100,5,1,0
1833,-70.7,-1.8,760,100,5,1,0;;;;;;1833;,;-70.7;,;-1.8;,;760;,;100;,;5;,;1;,;0;1833,-70.7,-1.8,760,100,5,1,0
1834,-75.9,-1.4,760,100,5,1,0;;;;;;1834;,;-75.9;,;-1.4;,;760;,;100;,;5;,;1;,;0;1834,-75.9,-1.4,760,100,5,1,0
1835,-75.5,-1.4,760,100,5,1,0;;;;;;1835;,;-75.5;,;-1.4;,;760;,;100;,;5;,;1;,;0;1835,-75.5,-1.4,760,100,5,1,0
1836,-75.1,-1.4,760,100,5,1,0;;;;;;1836;,;-75.1;,;-1.4;,;760;,;100;,;5;,;1;,;0;1836,-75.1,-1.4,760,100,5,1,0
1837,-74.7,-1.4,760,100,5,1,0;;;;;;1837;,;-74.7;,;-1.4;,;760;,;100;,;5;,;1;,;0;1837,-74.7,-1.4,760,100,5,1,0
1838,-74.3,-1.4,760,100,5,1,0;;;;;;1838;,;-74.3;,;-1.4;,;760;,;100;,;5;,;1;,;0;1838,-74.3,-1.4,760,100,5,1,0
1839,-73.9,-1.4,760,100,5,1,0;;;;;;1839;,;-73.9;,;-1.4;,;760;,;100;,;5;,;1;,;0;1839,-73.9,-1.4,760,100,5,1,0
1840,-73.5,-1.4,760,100,5,1,0;;;;;;1840;,;-73.5;,;-1.4;,;760;,;100;,;5;,;1;,;0;1840,-73.5,-1.4,760,100,5,1,0
1841,-73.1,-1.4,760,100,5,1,0;;;;;;1841;,;-73.1;,;-1.4;,;760;,;100;,;5;,;1;,;0;1841,-73.1,-1.4,760,100,5,1,0
1842,-75.5,-1,760,100,5,1,0;;;;;;1842;,;-75.5;,;-1;,;760;,;100;,;5;,;1;,;0;1842,-75.5,-1,760,100,5,1,0
1843,-75.1,-1,760,100,5,1,0;;;;;;1843;,;-75.1;,;-1;,;760;,;100;,;5;,;1;,;0;1843,-75.1,-1,760,100,5,1,0
1844,-74.7,-1,760,100,5,1,0;;;;;;1844;,;-74.7;,;-1;,;760;,;100;,;5;,;1;,;0;1844,-74.7,-1,760,100,5,1,0
1845,-74.3,-1,760,100,5,1,0;;;;;;1845;,;-74.3;,;-1;,;760;,;100;,;5;,;1;,;0;1845,-74.3,-1,760,100,5,1,0
1846,-73.9,-1,760,100,5,1,0;;;;;;1846;,;-73.9;,;-1;,;760;,;100;,;5;,;1;,;0;1846,-73.9,-1,760,100,5,1,0
1847,-73.5,-1,760,100,5,1,0;;;;;;1847;,;-73.5;,;-1;,;760;,;100;,;5;,;1;,;0;1847,-73.5,-1,760,100,5,1,0
1848,-75.5,-0.6,760,100,5,1,0;;;;;;1848;,;-75.5;,;-0.6;,;760;,;100;,;5;,;1;,;0;1848,-75.5,-0.6,760,100,5,1,0
1849,-75.1,-0.6,760,100,5,1,0;;;;;;1849;,;-75.1;,;-0.6;,;760;,;100;,;5;,;1;,;0;1849,-75.1,-0.6,760,100,5,1,0
1850,-74.7,-0.6,760,100,5,1,0;;;;;;1850;,;-74.7;,;-0.6;,;760;,;100;,;5;,;1;,;0;1850,-74.7,-0.6,760,100,5,1,0
1851,-74.3,-0.6,760,100,5,1,0;;;;;;1851;,;-74.3;,;-0.6;,;760;,;100;,;5;,;1;,;0;1851,-74.3,-0.6,760,100,5,1,0
1852,-73.9,-0.6,760,100,5,1,0;;;;;;1852;,;-73.9;,;-0.6;,;760;,;100;,;5;,;1;,;0;1852,-73.9,-0.6,760,100,5,1,0
1853,-75.9,-0.2,760,100,5,1,0;;;;;;1853;,;-75.9;,;-0.2;,;760;,;100;,;5;,;1;,;0;1853,-75.9,-0.2,760,100,5,1,0
1854,-75.5,-0.2,760,100,5,1,0;;;;;;1854;,;-75.5;,;-0.2;,;760;,;100;,;5;,;1;,;0;1854,-75.5,-0.2,760,100,5,1,0
1855,-75.1,-0.2,760,100,5,1,0;;;;;;1855;,;-75.1;,;-0.2;,;760;,;100;,;5;,;1;,;0;1855,-75.1,-0.2,760,100,5,1,0
1856,-74.7,-0.2,760,100,5,1,0;;;;;;1856;,;-74.7;,;-0.2;,;760;,;100;,;5;,;1;,;0;1856,-74.7,-0.2,760,100,5,1,0
1857,-74.3,-0.2,760,100,5,1,0;;;;;;1857;,;-74.3;,;-0.2;,;760;,;100;,;5;,;1;,;0;1857,-74.3,-0.2,760,100,5,1,0
1858,-75.5,0.2,760,100,5,1,0;;;;;;1858;,;-75.5;,;0.2;,;760;,;100;,;5;,;1;,;0;1858,-75.5,0.2,760,100,5,1,0
1859,-75.1,0.2,760,100,5,1,0;;;;;;1859;,;-75.1;,;0.2;,;760;,;100;,;5;,;1;,;0;1859,-75.1,0.2,760,100,5,1,0
1860,-74.7,0.2,760,100,5,1,0;;;;;;1860;,;-74.7;,;0.2;,;760;,;100;,;5;,;1;,;0;1860,-74.7,0.2,760,100,5,1,0
