WKT,Label,Comments,Shape_Leng,Shape_Area
"MULTIPOLYGON (((-69.8295880093058 -22.6036880011217,-69.8295329533586 -22.5999999995912,-69.8293043267289 -22.579304327273,-69.8291915504315 -22.5708084496081,-69.8289627117994 -22.5500000001773,-69.8288074874099 -22.5288074872527,-69.8287358045452 -22.521264194828,-69.8285807382591 -22.5000000002187,-69.8284987750743 -22.4784987746116,-69.8284574453847 -22.4715425552443,-69.8283756744393 -22.4500000002739,-69.8283651461842 -22.4283651461216,-69.8283479003274 -22.4216520990996,-69.8283374071066 -22.3999999999883,-69.8283955137324 -22.3783955131002,-69.8283999603931 -22.3716000391285,-69.8284578199822 -22.3499999997552,-69.8285809367868 -22.3285809371618,-69.8286079266695 -22.3213920739072,-69.8287304020771 -22.2999999998856,-69.8289143806405 -22.2789143799277,-69.8289677495516 -22.2710322496361,-69.8291505531186 -22.2499999997776,-69.8293906808789 -22.229390680806,-69.8294769856215 -22.2205230145502,-69.8297152026652 -22.2000000004097,-69.8300061202733 -22.1800061204038,-69.8301345299516 -22.1698654697724,-69.8304225055772 -22.1500000001843,-69.8307580973027 -22.1307580969652,-69.8309404005081 -22.119059599905,-69.8312716003702 -22.0999999999168,-69.8316447865904 -22.0816447871055,-69.8318953114518 -22.0681046881026,-69.8322620872941 -22.0500000003428,-69.8326646807634 -22.0326646800667,-69.833000286862 -22.0169997137224,-69.8333936986507 -21.9999999996193,-69.8338163038896 -21.98381630341,-69.8342562789529 -21.9657437216784,-69.8346659798927 -21.949999999986,-69.8350980722393 -21.9350980714595,-69.8356641330392 -21.9143358667356,-69.836078415387 -21.9000000002717,-69.8365082367925 -21.8865082367978,-69.8372242291083 -21.8627757705393,-69.8376299109855 -21.850000000057,-69.8380447188477 -21.8380447190883,-69.8389366803479 -21.811063319801,-69.8393193276246 -21.7999999996764,-69.8397055052804 -21.7897055049363,-69.840801768829 -21.7591982312723,-69.8411457741754 -21.7500000002196,-69.8414889018679 -21.7414889017079,-69.842820333578 -21.7071796658518,-69.8431089461092 -21.7000000001945,-69.8433938063773 -21.6933938060448,-69.8449942772268 -21.6550057224602,-69.8452095342302 -21.649999999698,-69.845420020281 -21.6454200196652,-69.8473274517514 -21.6026725482865,-69.8474499621932 -21.5999999995836,-69.8475687814575 -21.5975687812693,-69.8498264094632 -21.5501735908093,-69.8498348733898 -21.5499999997918,-69.8498430220078 -21.5498430220791,-69.8499999999087 -21.5467515993407,-69.8522701540228 -21.5022701540484,-69.8523835941752 -21.5000000001851,-69.8525183720105 -21.4974816285684,-69.8548378535152 -21.454837853724,-69.855096286246 -21.4499999997115,-69.8554055303842 -21.4445944697528,-69.8575535666203 -21.4075535664051,-69.8579849816371 -21.3999999997491,-69.858505503242 -21.3914944968506,-69.8604281881059 -21.3604281884047,-69.8610654359004 -21.3499999999273,-69.8618414464569 -21.3381585530453,-69.8634739503312 -21.3134739501221,-69.8643558102759 -21.2999999997976,-69.8654405205916 -21.2845594797383,-69.8667040720056 -21.2667040722171,-69.8678762494839 -21.2499999996713,-69.8693334677917 -21.2306665319726,-69.8701320422315 -21.2201320425741,-69.8716480319185 -21.1999999997835,-69.8735536739448 -21.1764463257559,-69.8737710797182 -21.1737710795015,-69.8756928078763 -21.1500000002933,-69.87763491252 -21.1276349119734,-69.878133860185 -21.1218661395326,-69.8800314317467 -21.0999999996076,-69.8817326648251 -21.0817326646576,-69.8831109346941 -21.0668890656433,-69.8846830124925 -21.050000000247,-69.8860721510782 -21.0360721506643,-69.8885195679506 -21.0114804324013,-69.8896641545733 -20.9999999996284,-69.8906598086066 -20.9906598081198,-69.8943903457932 -20.9556096541482,-69.8949881503603 -20.950000000123,-69.8954995522684 -20.945499551903,-69.8999999995524 -20.9058529384468,-69.9006001442308 -20.9006001438333,-69.9006684907526 -20.8999999998342,-69.9007606354429 -20.8992393646739,-69.9060092661708 -20.8560092666011,-69.9067367901599 -20.8500000001461,-69.907728525742 -20.8422714739544,-69.9116638258128 -20.8116638256767,-69.9131596815593 -20.7999999998506,-69.9152210177939 -20.7847789819464,-69.9175573013876 -20.7675573014679,-69.9199337549459 -20.7500000001839,-69.9232436119833 -20.7267563879849,-69.9236820581139 -20.7236820579098,-69.9270526475527 -20.6999999997885,-69.9300317511907 -20.6800317513908,-69.9317926809129 -20.6682073193391,-69.93450779574 -20.6499999997534,-69.9365959835169 -20.6365959835767,-69.940867666729 -20.6091323333833,-69.9422897636041 -20.6000000002545,-69.9433657333121 -20.593365733156,-69.9500000000944 -20.5524028158726,-69.9503366967478 -20.5503366965395,-69.9503913915722 -20.5499999997121,-69.9504708852883 -20.5495291153198,-69.9575689315906 -20.5075689312285,-69.9588456307471 -20.4999999998374,-69.960720813597 -20.4892791859665,-69.9649788585865 -20.4649788583222,-69.9675968161241 -20.4499999997454,-69.9714840680053 -20.4285159322408,-69.9725628889659 -20.4225628887595,-69.9766424953023 -20.4000000001618,-69.980321729703 -20.3803217294927,-69.9827633892728 -20.3672366111617,-69.9859840930098 -20.3500000000562,-69.9882525286468 -20.3382525289632,-69.9945821964792 -20.305417804022,-69.995627801334 -20.3000000000098,-69.99635472974 -20.2963547296165,-69.9999999997381 -20.2780489575733,-70.0046835075074 -20.2546835074912,-70.005619787392 -20.2499999996898,-70.0070841949171 -20.2429158054638,-70.0132302084779 -20.2132302084721,-70.0159628674025 -20.2000000003779,-70.0203010133692 -20.1796989866179,-70.0219575444824 -20.1719575444358,-70.0266462022932 -20.1499999999123,-70.0308745328096 -20.1308745330302,-70.0342014012436 -20.1157985987618,-70.0376918726537 -20.1000000002756,-70.0399848089416 -20.0899848089937,-70.0488648783074 -20.05113512162,-70.0491246028156 -20.0500000000066,-70.0492925006371 -20.049292501356,-70.0500000002801 -20.0463069549997,-70.0589260957277 -20.0089260953349,-70.0610520675438 -20.0000000001039,-70.0646833202302 -19.985316679457,-70.0687790746821 -19.9687790753041,-70.0734188048527 -19.9499999998083,-70.0788484946194 -19.928848494931,-70.0814987394049 -19.9185012606629,-70.0862437629065 -19.8999999999788,-70.089139177696 -19.8891391780905,-70.0993891814632 -19.8506108187297,-70.0995518780393 -19.8499999997157,-70.099649064075 -19.8496490646188,-70.0999999999239 -19.8483794354947,-70.1105488309653 -19.8105488311757,-70.1134810209859 -19.799999999739,-70.1189629405999 -19.7810370593722,-70.1216741217044 -19.7716741214837,-70.1279313628671 -19.7499999998548,-70.1330266350063 -19.7330266351964,-70.1398852605225 -19.7101147397225,-70.1429176845625 -19.6999999997995,-70.1446002883785 -19.694600288255,-70.1499999995675 -19.6772270923042,-70.1565053401403 -19.6565053399893,-70.1585395598299 -19.6500000000865,-70.1626506018113 -19.6373493986733,-70.1687169671457 -19.6187169676406,-70.1747883495711 -19.6000000003149,-70.1811413744992 -19.5811413748386,-70.1873493610349 -19.5626506396206,-70.1916037912036 -19.5500000000148,-70.1937758447971 -19.5437758450486,-70.2000000001096 -19.5258864743308,-70.2067356381785 -19.5067356385054,-70.2090940355995 -19.5000000003411,-70.2142817937889 -19.4857182058448,-70.2200016205278 -19.4700016202813,-70.2272512692124 -19.4499999998408,-70.2334635856277 -19.4334635858662,-70.2435907304068 -19.4064092691697,-70.2459938163183 -19.4000000003811,-70.2471141798693 -19.3971141798319,-70.2499999997532 -19.3896584022268,-70.2611559589761 -19.3611559587842,-70.2655022167298 -19.3500000003732,-70.2754175612228 -19.3254175609323,-70.275978312081 -19.3240216879824,-70.2856449957169 -19.2999999998551,-70.2898637349211 -19.2898637353706,-70.3000000002953 -19.2654274469509,-70.3045615437984 -19.2545615430206,-70.3064667833794 -19.2499999996458,-70.3113848053368 -19.2386151943231,-70.3196092833098 -19.2196092833536,-70.3280577445208 -19.1999999996501,-70.3348163902408 -19.1848163894508,-70.349999999939 -19.1505823760691,-70.3501804822593 -19.1501804818128,-70.3502610925813 -19.1499999997064,-70.3504848377658 -19.1495151628324,-70.3659850119734 -19.115985012593,-70.3733402288736 -19.0999999995862,-70.3819244650499 -19.0819244646312,-70.3943601669215 -19.0556398331128,-70.3970320736818 -19.0499999998441,-70.3980059714172 -19.0480059712276,-70.3999999995826 -19.0439116704529,-70.4144904144103 -19.0144904145831,-70.4215926693197 -19.0000000001198,-70.4311294368025 -18.9811294369641,-70.443557248771 -18.9564427518137,-70.4468048211181 -18.9499999999874,-70.4478967026847 -18.9478967028817,-70.4500000001246 -18.943833681241,-70.4650576965627 -18.9150576967777,-70.4728981366669 -18.8999999998045,-70.4823601759962 -18.8823601758697,-70.4992516420512 -18.8507483580914,-70.4996519870374 -18.8499999998643,-70.4997755395249 -18.8497755398632,-70.4999999997683 -18.8493666732996,-70.5176093104653 -18.8176093102613,-70.5273262799941 -18.8000000003953,-70.5355399018269 -18.7855399014658,-70.5500000003104 -18.7599908170961,-70.5536354041118 -18.7536354038952,-70.5557028291275 -18.7499999998604,-70.5637660388458 -18.7362339616193,-70.5720712969224 -18.7220712969587,-70.5849563432856 -18.7000000000597,-70.5906012514281 -18.6906012515212,-70.5999999999541 -18.6749044031635,-70.6093829327411 -18.6593829329408,-70.6150251845653 -18.6500000001777,-70.6283988991717 -18.6283988997321,-70.6393408266933 -18.6106591733567,-70.6459212834918 -18.6000000001855,-70.6475052073739 -18.5975052068432,-70.6499999995977 -18.593567399036,-70.6669846514905 -18.566984651352,-70.6777902560744 -18.5499999999902,-70.6865792892709 -18.5365792891455,-70.7000000001398 -18.5160335402619,-70.7063702439753 -18.5063702444073,-70.710550035822 -18.5000000002872,-70.7113146458592 -18.4988691946479,-69.8571400056196 -17.743810790273,-69.6963770460295 -18.1892826506979,-69.2271785469365 -18.9145218088295,-68.7477800811359 -20.0970873479035,-68.4111811573267 -21.5082248578409,-67.9113827563142 -22.3031522468741,-68.3925741857601 -22.6992677445282,-69.8295880093058 -22.6036880011217)))",CC_S,Coastal Cordillera plus Central Depression in Chile (southern boundary at Salars Depression in Chile),1454211.72689999989,82490763784.19999694824
"MULTIPOLYGON (((-70.2777751860927 -15.0129511104388,-71.4480187128253 -16.3495717566668,-72.5421679425069 -15.8094339222354,-73.5927645816631 -15.2295806158738,-74.541361547455 -14.6481252678154,-75.4083587741962 -13.8770572500174,-75.9999568818654 -13.1630162181552,-75.2145593941751 -12.1977636080664,-74.1945626569383 -13.4508730208506,-72.5829678120323 -14.203599852006,-71.3691716947744 -14.6777285847796,-70.2777751860927 -15.0129511104388)))",WC_N,Western Cordillera,1630393.54989999998,98958663694.00000000000
"MULTIPOLYGON (((-75.2145593941751 -12.1977636080664,-74.4699617760102 -11.6288907501687,-73.9089635702604 -12.4468880309733,-73.3275654301972 -12.6161564761445,-72.8175670615788 -12.5066425196642,-72.3279686281722 -12.3173728577195,-71.6751707157658 -12.5365145848914,-70.7979735223171 -13.1828793609359,-69.4719777640889 -13.8869592947464,-68.9007795916315 -14.4210342186682,-68.4417810592462 -14.943977290028,-67.6869834743737 -15.8290612398009,-66.7179865742682 -16.5539142238819,-66.0855885970736 -17.081153172829,-65.2185913703325 -17.276051738537,-64.5249935892989 -17.4415536551694,-64.0455951226 -17.6263487480092,-63.6987962320832 -17.8789193423598,-63.5355967539816 -18.2183510651731,-63.4539970149308 -18.5861286764134,-63.5559966891935 -19.0399142957068,-64.0761950245195 -19.6846556380038,-64.259794437833 -20.0108534646293,-64.3209942416719 -20.4797724790316,-64.259794437833 -20.8233753473121,-64.2189945683076 -21.2042387896192,-64.3311942092779 -21.5366911457335,-64.5657934588243 -22.0481243627809,-65.4327906846671 -21.669459942765,-66.3507877485396 -21.5746375148663,-66.4119875523785 -20.2789805885868,-66.6567867695309 -19.3192941991136,-66.9015859866834 -18.4120161494056,-67.0953853667045 -17.8886264619409,-67.8199356860172 -17.0103654979413,-68.3499813534877 -16.1624322769866,-68.9619793954705 -15.5246249409034,-69.5233026071984 -15.1595937487627,-70.2777751860927 -15.0129511104388,-71.3691716947744 -14.6777285847796,-72.5829678120323 -14.203599852006,-74.1945626569383 -13.4508730208506,-75.2145593941751 -12.1977636080664)))",EC,Eastern Cordillera,3934233.44419999979,312448395555.00000000000
"MULTIPOLYGON (((-70.322528998426 -15.6959740129295,-70.2777751860927 -15.0129511104388,-69.5233026071984 -15.1595937487627,-68.9619793954705 -15.5246249409034,-68.3499813534877 -16.1624322769866,-67.8199356860172 -17.0103654979413,-67.0953853667045 -17.8886264619409,-66.9015859866834 -18.4120161494056,-66.6567867695309 -19.3192941991136,-66.4119875523785 -20.2789805885868,-66.3507877485396 -21.5746375148663,-67.5135840286661 -22.0386700151566,-67.6767835067677 -21.7073714788409,-68.1561819734667 -20.7566245883374,-68.4315810925386 -19.2422712534725,-68.7171801783181 -18.2377273120762,-69.4311778945635 -17.081153172829,-70.0847234927472 -16.1436880545962,-70.322528998426 -15.6959740129295)))",AP,Altiplano (southern boundary at Puna in Argentina),1992488.18867000006,145709543539.00000000000
"MULTIPOLYGON (((-74.4699617760102 -11.6288907501687,-74.1708987326674 -11.4897869941495,-73.8273638312096 -11.3790144715498,-73.3581653321167 -11.4190095457499,-72.8481669634983 -11.5889254846739,-72.3850716974973 -11.6365601762548,-71.5858190018016 -12.0266286831541,-70.859173326156 -12.4170056238396,-70.4205747298808 -12.5862936620512,-69.3495781555127 -12.9444158423379,-68.7681800154494 -13.2623157830728,-68.0912690004688 -13.7767466577177,-67.2055450145129 -14.6749657775215,-66.9574818074032 -15.0157096003861,-66.5658030610373 -15.1417738849459,-66.0566206896836 -15.6452752629336,-65.8999491905983 -16.266642994515,-65.286319154086 -16.8922970945993,-64.4768497434925 -17.2479989916726,-63.5564046878259 -17.4723010383321,-63.2365337106389 -17.7149833038336,-63.0459983205751 -18.3829802143178,-63.1237730717737 -18.8318801290831,-63.1180355895462 -19.2657430182376,-62.8827988424735 -20.1892571699548,-62.8426364704743 -21.2731658291478,-62.991810994016 -21.7748766629608,-63.2385227046454 -21.9825218220866,-63.6630963463608 -22.492351374928,-64.5657934588243 -22.0481243627809,-64.3311942092779 -21.5366911457335,-64.2189945683076 -21.2042387896192,-64.259794437833 -20.8233753473121,-64.3209942416719 -20.4797724790316,-64.259794437833 -20.0108534646293,-64.0761950245195 -19.6846556380038,-63.5559966891935 -19.0399142957068,-63.4539970149308 -18.5861286764134,-63.5355967539816 -18.2183510651731,-63.6987962320832 -17.8789193423598,-64.0455951226 -17.6263487480092,-64.5249935892989 -17.4415536551694,-65.2185913703325 -17.276051738537,-66.0855885970736 -17.081153172829,-66.7179865742682 -16.5539142238819,-67.6869834743737 -15.8290612398009,-68.4417810592462 -14.943977290028,-68.9007795916315 -14.4210342186682,-69.4719777640889 -13.8869592947464,-70.7979735223171 -13.1828793609359,-71.6751707157658 -12.5365145848914,-72.3279686281722 -12.3173728577195,-72.8175670615788 -12.5066425196642,-73.3275654301972 -12.6161564761445,-73.9089635702604 -12.4468880309733,-74.4699617760102 -11.6288907501687)))",SA,Subandean Ranges,4252539.38119999971,187693591728.00000000000
"MULTIPOLYGON (((-69.8571400074163 -17.7438107919841,-69.2823660128171 -17.3228168773247,-68.7171801783181 -18.2377273120762,-68.4315810925386 -19.2422712534725,-68.1561819734667 -20.7566245883374,-67.6767835067677 -21.7073714788409,-67.5135840286661 -22.0386700151566,-67.9113827563142 -22.3031522468741,-68.4111811573267 -21.5082248578409,-68.7477800811359 -20.0970873479035,-69.2271785469365 -18.9145218088295,-69.6963770460295 -18.1892826506979,-69.8571400074163 -17.7438107919841)))",WC_S,Western Cordillera,1319860.14662000001,39202730753.80000305176
"MULTIPOLYGON (((-69.2823660128171 -17.3228168773247,-69.8571400074163 -17.7438107919841,-69.930976295576 -17.5388377056993,-70.4817745337197 -16.9250873926259,-71.4303714995117 -16.3582713924805,-71.4480187128253 -16.3495717566668,-70.2777751860927 -15.0129511104388,-70.322528998426 -15.6959740129295,-70.0847234927472 -16.1436880545962,-69.4311778945635 -17.081153172829,-69.2823660128171 -17.3228168773247)))",WC_C,Western Cordillera,829843.66244200000,26872747465.50000000000
"MULTIPOLYGON (((-72.0324197690682 -17.2270728434825,-72.050000000401 -17.2129512438784,-72.0572176735531 -17.2072176734361,-72.0661781268653 -17.2000000001007,-72.0850194581098 -17.18501945813,-72.1000000000447 -17.1729666966724,-72.1127939275937 -17.1627939276794,-72.1286746362405 -17.1499999999408,-72.1405471734807 -17.1405471735739,-72.1499999996884 -17.1329375518472,-72.1683497566397 -17.1183497572862,-72.1911511922366 -17.100000000041,-72.1960771014021 -17.0960771016327,-72.2000000002304 -17.0929213264283,-72.2239270401496 -17.0739270404954,-72.2348092090436 -17.065190791055,-72.2499999998741 -17.0530106027202,-72.2516822767033 -17.0516822768527,-72.2537864158646 -17.0500000002085,-72.279593858744 -17.0295938583618,-72.3000000004161 -17.0132933027614,-72.3074423979163 -17.0074423977812,-72.3168025835637 -17.0000000001936,-72.3353738183517 -16.9853738180205,-72.3500000000598 -16.9737504934734,-72.3633302227317 -16.9633302228931,-72.3802118198951 -16.9499999996893,-72.3913071931419 -16.9413071935006,-72.3999999997035 -16.9344439506461,-72.4193907809999 -16.9193907812514,-72.4441509616328 -16.900000000051,-72.4474397971942 -16.8974397966977,-72.4500000002455 -16.8954341318702,-72.4698578417093 -16.8801421579315,-72.4756703772804 -16.8756703773385,-72.4999999998892 -16.8568140812178,-72.5038698100808 -16.8538698100569,-72.5089131155793 -16.8499999999999,-72.5322246909513 -16.8322246913371,-72.5500000004312 -16.8185911321111,-72.5606050201954 -16.8106050203357,-72.5745901425572 -16.7999999999197,-72.5890679378518 -16.7890679382449,-72.6000000000749 -16.7807780608948,-72.6176397546768 -16.7676397543523,-72.6411969429222 -16.7500000001387,-72.6462352870253 -16.7462352864073,-72.6499999997186 -16.7434150502795,-72.6749690988422 -16.7250309008763,-72.6750047017718 -16.7250047017404,-72.7000000002606 -16.7065437892097,-72.7037922085881 -16.7037922082739,-72.7089929303654 -16.7000000000694,-72.7327320912362 -16.6827320912019,-72.7499999999043 -16.6701469731397,-72.7617345289674 -16.6617345293865,-72.7780500500595 -16.6499999999287,-72.7908187484237 -16.6408187488113,-72.8000000004463 -16.6342158675926,-72.8200264287395 -16.6200264286924,-72.8482471480188 -16.5999999998787,-72.849271595752 -16.5992715951141,-72.85000000009 -16.5987545108437,-72.8541620600913 -16.5958379404941,-72.8786662064952 -16.5786662061006,-72.8999999997337 -16.5637181788339,-72.9081079356717 -16.5581079358846,-72.9198079406817 -16.5500000000266,-72.9376307144464 -16.5376307149479,-72.9500000002757 -16.529061590541,-72.9672385286441 -16.5172385287549,-72.9923742095574 -16.5000000004248,-72.9968910205526 -16.4968910200983,-72.9999999999194 -16.4947583431963,-73.0164316848558 -16.4835683157048,-73.0266247614852 -16.4766247615996,-73.0499999995631 -16.4607260899486,-73.0564011921568 -16.4564011927251,-73.065871001015 -16.4500000002094,-73.0862107473062 -16.4362107470177,-73.1000000001051 -16.4268903880996,-73.116068806091 -16.4160688060955,-73.1399501316437 -16.4000000001851,-73.145945849871 -16.3959458494461,-73.1499999997488 -16.3932166196096,-73.1707322469371 -16.3792677528942,-73.1758338593857 -16.3758338592468,-73.2000000002908 -16.3596033753107,-73.2057455754407 -16.3557455755667,-73.214301575771 -16.3500000002409,-73.2356252225384 -16.3356252227379,-73.2499999999345 -16.3259687253645,-73.265517437067 -16.3155174370689,-73.2885822164843 -16.3000000002119,-73.2953927003861 -16.2953927000651,-73.2999999995782 -16.2922907670531,-73.3238576051159 -16.2761423943912,-73.325219893956 -16.2752198935746,-73.3500000001202 -16.2584787906462,-73.3550503061897 -16.2550503067384,-73.3624883091315 -16.249999999879,-73.384794331934 -16.2347943320782,-73.3999999997639 -16.2244660516945,-73.4145281186807 -16.2145281188425,-73.4357887863601 -16.1999999998322,-73.4442131879929 -16.1942131882253,-73.4500000003059 -16.1902574670881,-73.4738245415529 -16.1738245417337,-73.4813635941844 -16.1686364058801,-73.4999999999496 -16.155805997688,-73.5034280366508 -16.1534280364191,-73.5083682999963 -16.1499999997457,-73.5329141327209 -16.1329141331032,-73.5499999995933 -16.1210632060523,-73.5623914360809 -16.1123914355717,-73.5801146109351 -16.1000000001031,-73.5917981884535 -16.091798188065,-73.6000000001353 -16.0860682681595,-73.6211463769578 -16.0711463772204,-73.6471934687954 -16.0528065316485,-73.649999999779 -16.0508296918798,-73.6504852355595 -16.0504852355874,-73.6511684770966 -16.0499999996093,-73.6797026392399 -16.0297026395936,-73.700000000321 -16.0153137733182,-73.7089296971146 -16.0089296968337,-73.7214296105627 -16.0000000003688,-73.7380786671366 -15.9880786672858,-73.7499999999647 -15.9795819153974,-73.7672070001616 -15.9672070000979,-73.7911793241544 -15.9500000001172,-73.7963077387378 -15.9463077388668,-73.7999999996084 -15.9436647207663,-73.8228398938792 -15.9271601058275,-73.8253473047379 -15.9253473051335,-73.8500000001504 -15.90757826047,-73.8543916524704 -15.9043916525455,-73.8604460522453 -15.8999999999912,-73.8833649335824 -15.8833649328392,-73.8999999997941 -15.8713399279138,-73.912349584671 -15.8623495854538,-73.9293361499753 -15.8500000002123,-73.941293453144 -15.8412934533464,-73.9500000003361 -15.8349855414119,-73.9702236259021 -15.8202236259613,-73.9979914244967 -15.8000000000859,-73.9991523173384 -15.7991523168581,-73.9999999999798 -15.7985369361673,-74.0054542811275 -15.7945457186969,-74.0280230889984 -15.7780230894446,-74.0499999996235 -15.7619822013381,-74.0569111406512 -15.7569111403781,-74.0663318826302 -15.7499999997295,-74.0857457173918 -15.7357457172533,-74.1000000001655 -15.7253184700827,-74.1145854899879 -15.7145854896195,-74.1344233951406 -15.7000000000741,-74.1433911284 -15.6933911283047,-74.1499999998092 -15.6885416178484,-74.1721666031813 -15.6721666029125,-74.1937667442067 -15.6562332554943,-74.2000000003513 -15.6516342835037,-74.2009387155686 -15.6509387157484,-74.2022037842372 -15.65000000027,-74.2296274310599 -15.6296274310934,-74.249999999995 -15.6145231512205,-74.2583212822196 -15.6083212818304,-74.2694764590099 -15.6000000002809,-74.2869359477854 -15.5869359481142,-74.2999999996386 -15.5771852733436,-74.3155248990761 -15.5655248988196,-74.336187786443 -15.5500000000195,-74.3440570310269 -15.5440570308244,-74.3500000001806 -15.5395823595562,-74.3725092623246 -15.5225092629343,-74.3931243413521 -15.5068756585704,-74.3999999998243 -15.501661322714,-74.4009426775105 -15.5009426774147,-74.4021759170718 -15.5000000002133,-74.4292294445228 -15.4792294441638,-74.4500000003664 -15.4632944356278,-74.4575021843419 -15.4575021844212,-74.4671986489261 -15.4499999998082,-74.4856381224214 -15.4356381221912,-74.50000000001 -15.4244671253655,-74.5137174648414 -15.4137174644532,-74.531195895493 -15.400000000297,-74.541689920319 -15.3916899200994,-74.5499999996537 -15.3851222754914,-74.5695436966694 -15.3695436969415,-74.5940406412796 -15.3499999996586,-74.59733881932 -15.347338819299,-74.6000000001957 -15.34519725803,-74.6249358805184 -15.3249358806368,-74.6256206213437 -15.324379378788,-74.6499999998395 -15.3045662399705,-74.6525104937162 -15.3025104929509,-74.6555668075529 -15.3000000001524,-74.6798464308312 -15.279846430768,-74.7000000003815 -15.2631243237455,-74.7071448138758 -15.2571448144755,-74.7156603531874 -15.249999999657,-74.7342241867558 -15.2342241866529,-74.7500000000251 -15.2208303976471,-74.7612158265718 -15.2112158265498,-74.7742727709545 -15.2000000003334,-74.7880157946523 -15.1880157949929,-74.7999999996688 -15.1775800731674,-74.8146693544096 -15.1646693546938,-74.8313092221165 -15.1499999999605,-74.8411621696298 -15.1411621695018,-74.8500000002109 -15.1332487753599,-74.8674455112005 -15.1174455111561,-74.8866770732994 -15.0999999997344,-74.8935980284215 -15.0935980289332,-74.8999999998546 -15.0876877680614,-74.9194789256433 -15.0694789258581,-74.9402903099165 -15.0499999999365,-74.9452531748745 -15.0452531743856,-74.9500000003966 -15.0407222738234,-74.9707005837677 -15.020700584138,-74.9920766391471 -14.9999999999315,-74.9960550403852 -14.9960550409094,-75.0000000000403 -14.9921511286194,-75.0210412308554 -14.9710412313492,-75.0419867398887 -14.9499999999031,-75.0459331691876 -14.9459331686704,-75.049999999684 -14.941750268663,-75.0704360076444 -14.9204360075904,-75.0900023116625 -14.8999999999868,-75.0948249172653 -14.8948249172776,-75.100000000226 -14.8892814632367,-75.11883023548 -14.8688302349994,-75.1361415803871 -14.8500000002699,-75.142681918425 -14.8426819186248,-75.1499999998697 -14.8345072666516,-75.1661853047714 -14.8161853048057,-75.1804604742739 -14.7999999999235,-75.1894765000646 -14.7894765004975,-75.2000000004117 -14.7772134572485,-75.2124841978338 -14.7624841983754,-75.2230490647015 -14.7499999998073,-75.2352068718416 -14.735206871304,-75.2500000000554 -14.7172376057762,-75.2577359993297 -14.707736000043,-75.2640255717578 -14.6999999998654,-75.2799009327337 -14.6799009322168,-75.2999999996991 -14.6545020591599,-75.3019783944836 -14.6519783948357,-75.3035275517674 -14.6499999999946,-75.3147883147396 -14.6352116849664,-75.323615658388 -14.623615658461,-75.3416320711986 -14.6000000000441,-75.3451913311016 -14.5951913306389,-75.3500000002411 -14.5887306900858,-75.366432273574 -14.5664322739121,-75.3785729219939 -14.5499999998163,-75.3875301602358 -14.5375301604397,-75.3999999998848 -14.5202735816064,-75.4084667319304 -14.5084667315012,-75.4145566735495 -14.499999999936,-75.4291645377107 -14.4791645377794,-75.4491273679766 -14.4508726319996,-75.4497424184005 -14.4500000001122,-75.4498472482009 -14.4498472477508,-75.4500000004268 -14.449626831923,-75.4702220889753 -14.4202220889046,-75.4842239631206 -14.400000000007,-75.4905891395596 -14.3905891396133,-75.5000000000705 -14.3768147047204,-75.5108501727706 -14.3608501724551,-75.5182766530223 -14.3500000001066,-75.5310133857354 -14.3310133860545,-75.5499999997142 -14.3029977925447,-75.5512088742701 -14.3012088746286,-75.5520316439338 -14.2999999999808,-75.5561420220602 -14.2938579778033,-75.5712447169074 -14.2712447171356,-75.5855789775893 -14.250000000024,-75.5913288035671 -14.2413288034587,-75.6000000002562 -14.228422404729,-75.6113994595149 -14.2113994598073,-75.6191091246767 -14.1999999997141,-75.6314649097257 -14.1814649091128,-75.6499999998999 -14.1540093996846,-75.6516144997392 -14.1516144998761,-75.6527131249586 -14.1500000002257,-75.6582822251727 -14.141717774234,-75.6717065373874 -14.1217065372076,-75.686443586473 -14.1000000000749,-75.691883864682 -14.0918838647466,-75.7000000004419 -14.0799491148316,-75.7121041808545 -14.0621041804872,-75.7204051970864 -14.0500000003459,-75.7323670223742 -14.0323670231256,-75.7500000000856 -14.0067170020294,-75.7527342418417 -14.0027342423413,-75.7546298586694 -14.0000000003359,-75.764782465297 -13.9852175346201,-75.7730918241829 -13.9730918238108,-75.7891073088684 -13.9500000001682,-75.7935398138726 -13.9435398135001,-75.7999999997293 -13.934255872873,-75.8140288691471 -13.9140288691496,-75.8238619576045 -13.8999999999219,-75.8345708899892 -13.8845708893652,-75.8500000002713 -13.8626168277072,-75.8551993961352 -13.855199395616,-75.8588768321087 -13.8499999996317,-75.8758222752342 -13.8258222756801,-75.8798194629399 -13.8201805365886,-75.8940909116205 -13.8000000001608,-75.8965233185428 -13.7965233185664,-75.899999999915 -13.7916166934364,-75.9172087428435 -13.7672087425327,-75.9294539569591 -13.7499999997112,-75.9379449902298 -13.7379449895678,-75.9499999995587 -13.72101680752,-75.9587181943068 -13.7087181935026,-75.9649451586512 -13.6999999999307,-75.979468778805 -13.6794687787202,-76.0000000001007 -13.6507136634741,-76.0002965600271 -13.6502965600973,-76.0005086747236 -13.6499999998061,-76.0017469726983 -13.6482530271245,-76.0210228918093 -13.621022892083,-76.0360205385655 -13.6000000000261,-76.0418059872359 -13.5918059879003,-76.0499999997444 -13.5803102249573,-76.0625654902082 -13.5625654895153,-76.0715194109717 -13.5500000003636,-76.0833050424964 -13.5333050421658,-76.0948742536994 -13.5170480812969,-75.9999568818654 -13.1630162181552,-75.4083587741962 -13.8770572500174,-74.541361547455 -14.6481252678154,-73.5927645816631 -15.2295806158738,-72.5421679425069 -15.8094339222354,-71.4480187110287 -16.3495717540809,-72.0324197690682 -17.2270728434825)))",CC_N,Coastal Cordillera plus Central Depression in Chile (southern boundary at Salars Depression in Chile),1424751.65119999996,46683392118.59999847412
"MULTIPOLYGON (((-70.7113146458592 -18.4988691946479,-70.7264635186037 -18.4764635185448,-70.7325204534243 -18.4674795465942,-70.74431158713 -18.4500000000052,-70.7466425553922 -18.4466425556192,-70.7499999997835 -18.4418020094942,-70.7672035675177 -18.4172035675989,-70.7791994200902 -18.3999999997133,-70.7878954444171 -18.3878954437814,-70.8000000003255 -18.3710292781416,-70.8088335881634 -18.3588335881476,-70.8152127504731 -18.3499999999183,-70.8300621599361 -18.3300621602014,-70.8499999999692 -18.3032664378528,-70.8514017194604 -18.3014017195258,-70.8524523279313 -18.3000000002121,-70.8608384505532 -18.289161549706,-70.873194275128 -18.2731942751762,-70.8911273072123 -18.2500000001237,-70.8950623027542 -18.2450623028743,-70.8999999996129 -18.2388740683289,-70.9173439246186 -18.2173439245853,-70.9313057249191 -18.1999999999729,-70.939786145493 -18.1897861453745,-70.9500000001549 -18.1775014807354,-70.9625567518076 -18.1625567520294,-70.973100875677 -18.1500000000176,-70.9855884013573 -18.1355884011675,-70.9999999997986 -18.1189806159417,-71.0088720606835 -18.108872060277,-71.0166545953846 -18.0999999996007,-71.0324990471282 -18.0824990466554,-71.0500000003406 -18.063196508437,-71.0563148971748 -18.0563148968911,-71.062106131894 -18.0499999997108,-71.0805317255199 -18.0305317259277,-71.0999999999843 -18.0099886613842,-71.1048912970619 -18.0048912970519,-71.1095808837307 -18.000000000422,-71.1296798141521 -17.9796798145668,-71.149999999628 -17.9591565585929,-71.1545844133399 -17.9545844128605,-71.1591754314658 -17.9500000000384,-71.1799139192504 -17.9299139187582,-71.20000000017 -17.9104698924303,-71.2053525830443 -17.9053525829643,-71.2109411784966 -17.9000000002206,-71.2311807356842 -17.8811807351847,-71.2499999998137 -17.8636797895264,-71.2571291430962 -17.8571291431427,-71.2648683143218 -17.8500000000049,-71.2834041231482 -17.8334041227536,-71.3000000003557 -17.8185311012682,-71.3098248054478 -17.8098248055835,-71.3208743448522 -17.8000000000773,-71.3364878100919 -17.7864878101454,-71.3499999999994 -17.7747720696891,-71.363331447075 -17.7633314477227,-71.378798841758 -17.7500000002082,-71.3903199391944 -17.7403199392722,-71.3999999996431 -17.7321630524293,-71.4175280496377 -17.7175280500811,-71.4384086922227 -17.7000000001084,-71.4447786288344 -17.6947786281922,-71.4500000001851 -17.6904817089741,-71.4722869319912 -17.6722869321485,-71.4994125124127 -17.650000000284,-71.4997382217718 -17.649738221478,-71.4999999998288 -17.6495267674832,-71.5023930632367 -17.6476069364935,-71.5274896063495 -17.6274896067332,-71.5500000003708 -17.6093114507339,-71.5551706878748 -17.6051706882329,-71.5615650595606 -17.6000000003265,-71.5830202475333 -17.5830202473839,-71.6000000000145 -17.5694706327533,-71.610864556539 -17.560864556599,-71.6244370171138 -17.549999999767,-71.638759249354 -17.5387592495077,-71.6499999996582 -17.5298568890697,-71.6667098622954 -17.5167098619672,-71.6877129371688 -17.499999999791,-71.6946103483456 -17.4946103483761,-71.7000000002002 -17.4903581176238,-71.7226192412878 -17.4726192414998,-71.7456645371449 -17.4543354624296,-71.7499999998439 -17.450900390091,-71.7505041011437 -17.4505041011685,-71.7511366947667 -17.4499999998123,-71.7785451349083 -17.4285451352247,-71.8000000003859 -17.411548973066,-71.8064658043064 -17.4064658038486,-71.8145781321078 -17.4000000000423,-71.8344322491564 -17.3844322488508,-71.8500000000296 -17.3720780350449,-71.8623511470767 -17.3623511471968,-71.8778214226568 -17.3499999997772,-71.8902357670824 -17.3402357672454,-71.8999999996733 -17.3324641054788,-71.9181396254083 -17.3181396254036,-71.9408036978184 -17.2999999999693,-71.9459426729963 -17.2959426724189,-71.9500000002153 -17.2927020083561,-71.973827808635 -17.2738278081647,-71.985698228546 -17.2643017717841,-71.999999999859 -17.2528410474279,-72.0015845588499 -17.2515845595199,-72.0035539534136 -17.2499999997981,-72.0294545758423 -17.2294545754522,-72.0324197690682 -17.2270728434825,-71.4480187110287 -16.3495717540809,-71.4303714995117 -16.3582713924805,-70.4817745337197 -16.9250873926259,-69.930976295576 -17.5388377056993,-69.8571400056196 -17.743810790273,-70.7113146458592 -18.4988691946479)))",CC_C,Coastal Cordillera plus Central Depression in Chile (southern boundary at Salars Depression in Chile),707401.54360099998,29887340403.09999465942
"MULTIPOLYGON (((-71.5637469155704 -19.0423935652632,-70.7113146440626 -18.4988691929441,-70.710550035822 -18.5000000002872,-70.7063702439753 -18.5063702444073,-70.7000000001398 -18.5160335402619,-70.6865792892709 -18.5365792891455,-70.6777902560744 -18.5499999999902,-70.6669846514905 -18.566984651352,-70.6499999995977 -18.593567399036,-70.6475052073739 -18.5975052068432,-70.6459212834918 -18.6000000001855,-70.6393408266933 -18.6106591733567,-70.6283988991717 -18.6283988997321,-70.6150251845653 -18.6500000001777,-70.6093829327411 -18.6593829329408,-70.5999999999541 -18.6749044031635,-70.5906012514281 -18.6906012515212,-70.5849563432856 -18.7000000000597,-70.5720712969224 -18.7220712969587,-70.5637660388458 -18.7362339616193,-70.5557028291275 -18.7499999998604,-70.5536354041118 -18.7536354038952,-70.5500000003104 -18.7599908170961,-70.5355399018269 -18.7855399014658,-70.5273262799941 -18.8000000003953,-70.5176093104653 -18.8176093102613,-70.4999999997683 -18.8493666732996,-70.4997755395249 -18.8497755398632,-70.4996519870374 -18.8499999998643,-70.4992516420512 -18.8507483580914,-70.4823601759962 -18.8823601758697,-70.4728981366669 -18.8999999998045,-70.4650576965627 -18.9150576967777,-70.4500000001246 -18.943833681241,-70.4478967026847 -18.9478967028817,-70.4468048211181 -18.9499999999874,-70.443557248771 -18.9564427518137,-70.4311294368025 -18.9811294369641,-70.4215926693197 -19.0000000001198,-70.4144904144103 -19.0144904145831,-70.3999999995826 -19.0439116704529,-70.3980059714172 -19.0480059712276,-70.3970320736818 -19.0499999998441,-70.3943601669215 -19.0556398331128,-70.3819244650499 -19.0819244646312,-70.3733402288736 -19.0999999995862,-70.3659850119734 -19.115985012593,-70.3504848377658 -19.1495151628324,-70.3502610925813 -19.1499999997064,-70.3501804822593 -19.1501804818128,-70.349999999939 -19.1505823760691,-70.3348163902408 -19.1848163894508,-70.3280577445208 -19.1999999996501,-70.3196092833098 -19.2196092833536,-70.3113848053368 -19.2386151943231,-70.3064667833794 -19.2499999996458,-70.3045615437984 -19.2545615430206,-70.3000000002953 -19.2654274469509,-70.2898637349211 -19.2898637353706,-70.2856449957169 -19.2999999998551,-70.275978312081 -19.3240216879824,-70.2754175612228 -19.3254175609323,-70.2655022167298 -19.3500000003732,-70.2611559589761 -19.3611559587842,-70.2499999997532 -19.3896584022268,-70.2471141798693 -19.3971141798319,-70.2459938163183 -19.4000000003811,-70.2435907304068 -19.4064092691697,-70.2334635856277 -19.4334635858662,-70.2272512692124 -19.4499999998408,-70.2200016205278 -19.4700016202813,-70.2142817937889 -19.4857182058448,-70.2090940355995 -19.5000000003411,-70.2067356381785 -19.5067356385054,-70.2000000001096 -19.5258864743308,-70.1937758447971 -19.5437758442021,-70.1916037912036 -19.5500000000148,-70.1873493610349 -19.5626506387742,-70.1811413744992 -19.5811413748386,-70.1747883495711 -19.6000000003149,-70.1687169671457 -19.6187169676406,-70.1626506018113 -19.6373493986733,-70.1585395598299 -19.6500000000865,-70.1565053401403 -19.6565053399893,-70.1499999995675 -19.6772270923042,-70.1446002883785 -19.694600288255,-70.1429176845625 -19.6999999997995,-70.1398852605225 -19.7101147397225,-70.1330266350063 -19.7330266351964,-70.1279313628671 -19.7499999998548,-70.1216741217044 -19.7716741214837,-70.1189629405999 -19.7810370593722,-70.1134810209859 -19.799999999739,-70.1105488309653 -19.8105488311757,-70.0999999999239 -19.8483794354947,-70.099649064075 -19.8496490646188,-70.0995518780393 -19.8499999997157,-70.0993891814632 -19.8506108187297,-70.089139177696 -19.8891391780905,-70.0862437629065 -19.8999999999788,-70.0814987394049 -19.9185012606629,-70.0788484946194 -19.928848494931,-70.0734188048527 -19.9499999998083,-70.0687790746821 -19.9687790753041,-70.0646833202302 -19.985316679457,-70.0610520675438 -20.0000000001039,-70.0589260957277 -20.0089260953349,-70.0500000002801 -20.0463069549997,-70.0492925006371 -20.049292501356,-70.0491246028156 -20.0500000000066,-70.0488648783074 -20.05113512162,-70.0399848089416 -20.0899848089937,-70.0376918726537 -20.1000000002756,-70.0342014012436 -20.1157985987618,-70.0308745328096 -20.1308745330302,-70.0266462022932 -20.1499999999123,-70.0219575444824 -20.1719575444358,-70.0203010133692 -20.1796989866179,-70.0159628674025 -20.2000000003779,-70.0132302084779 -20.2132302084721,-70.0070841949171 -20.2429158054638,-70.005619787392 -20.2499999996898,-70.0046835075074 -20.2546835074912,-69.9999999997381 -20.2780489575733,-69.99635472974 -20.2963547296165,-69.995627801334 -20.3000000000098,-69.9945821964792 -20.305417804022,-69.9882525286468 -20.3382525289632,-69.9859840930098 -20.3500000000562,-69.9827633892728 -20.3672366111617,-69.980321729703 -20.3803217294927,-69.9766424953023 -20.4000000001618,-69.9725628889659 -20.4225628887595,-69.9714840680053 -20.4285159322408,-69.9675968161241 -20.4499999997454,-69.9649788585865 -20.4649788583222,-69.960720813597 -20.4892791859665,-69.9588456307471 -20.4999999998374,-69.9575689315906 -20.5075689312285,-69.9504708852883 -20.5495291153198,-69.9503913915722 -20.5499999997121,-69.9503366967478 -20.5503366965395,-69.9500000000944 -20.5524028158726,-69.9433657333121 -20.593365733156,-69.9422897636041 -20.6000000002545,-69.940867666729 -20.6091323333833,-69.9365959835169 -20.6365959835767,-69.93450779574 -20.6499999997534,-69.9317926809129 -20.6682073193391,-69.9300317511907 -20.6800317513908,-69.9270526475527 -20.6999999997885,-69.9236820581139 -20.7236820579098,-69.9232436119833 -20.7267563879849,-69.9199337549459 -20.7500000001839,-69.9175573013876 -20.7675573014679,-69.9152210177939 -20.7847789819464,-69.9131596815593 -20.7999999998506,-69.9116638258128 -20.8116638256767,-69.907728525742 -20.8422714739544,-69.9067367901599 -20.8500000001461,-69.9060092661708 -20.8560092666011,-69.9007606354429 -20.8992393646739,-69.9006684907526 -20.8999999998342,-69.9006001442308 -20.9006001438333,-69.9000000004507 -20.9058529384468,-69.8954995522684 -20.945499551903,-69.8949881503603 -20.950000000123,-69.8943903457932 -20.9556096541482,-69.8906598086066 -20.9906598081198,-69.8896641545733 -20.9999999996284,-69.8885195679506 -21.0114804324013,-69.8860721510782 -21.0360721506643,-69.8846830124925 -21.050000000247,-69.8831109346941 -21.0668890656433,-69.8817326648251 -21.0817326646576,-69.8800314317467 -21.0999999996076,-69.878133860185 -21.1218661395326,-69.87763491252 -21.1276349119734,-69.8756928078763 -21.1500000002933,-69.8737710797182 -21.1737710795015,-69.8735536739448 -21.1764463257559,-69.8716480319185 -21.1999999997835,-69.8701320422315 -21.2201320425741,-69.8693334677917 -21.2306665319726,-69.8678762494839 -21.2499999996713,-69.8667040720056 -21.2667040722171,-69.8654405205916 -21.2845594797383,-69.8643558102759 -21.2999999997976,-69.8634739503312 -21.3134739501221,-69.8618414464569 -21.3381585530453,-69.8610654359004 -21.3499999999273,-69.8604281881059 -21.3604281884047,-69.858505503242 -21.3914944968506,-69.8579849816371 -21.3999999997491,-69.8575535666203 -21.4075535664051,-69.8554055303842 -21.4445944697528,-69.855096286246 -21.4499999997115,-69.8548378535152 -21.454837853724,-69.8525183720105 -21.4974816285684,-69.8523835941752 -21.5000000001851,-69.8522701540228 -21.5022701540484,-69.8499999999087 -21.5467515993407,-69.8498430220078 -21.5498430220791,-69.8498348733898 -21.5499999997918,-69.8498264094632 -21.5501735908093,-69.8475687814575 -21.5975687812693,-69.8474499621932 -21.5999999995836,-69.8473274517514 -21.6026725482865,-69.845420020281 -21.6454200196652,-69.8452095342302 -21.649999999698,-69.8449942772268 -21.6550057224602,-69.8433938063773 -21.6933938060448,-69.8431089461092 -21.7000000001945,-69.842820333578 -21.7071796658518,-69.8414889018679 -21.7414889017079,-69.8411457741754 -21.7500000002196,-69.840801768829 -21.7591982312723,-69.8397055052804 -21.7897055049363,-69.8393193276246 -21.7999999996764,-69.8389366803479 -21.811063319801,-69.8380447188477 -21.8380447190883,-69.8376299109855 -21.850000000057,-69.8372242291083 -21.8627757705393,-69.8365082367925 -21.8865082367978,-69.836078415387 -21.9000000002717,-69.8356641330392 -21.9143358667356,-69.8350980722393 -21.9350980714595,-69.8346659798927 -21.949999999986,-69.8342562789529 -21.9657437216784,-69.8338163029913 -21.98381630341,-69.8333936986507 -21.9999999996193,-69.833000286862 -22.0169997137224,-69.8326646807634 -22.0326646800667,-69.8322620872941 -22.0500000003428,-69.8318953114518 -22.0681046881026,-69.8316447865904 -22.0816447871055,-69.8312716003702 -22.0999999999168,-69.8309404005081 -22.119059599905,-69.8307580973027 -22.1307580969652,-69.8304225055772 -22.1500000001843,-69.8301345299516 -22.1698654697724,-69.8300061202733 -22.1800061204038,-69.8297152026652 -22.2000000004097,-69.8294769856215 -22.2205230145502,-69.8293906808789 -22.229390680806,-69.8291505531186 -22.2499999997776,-69.8289677495516 -22.2710322496361,-69.8289143806405 -22.2789143799277,-69.8287304020771 -22.2999999998856,-69.8286079266695 -22.3213920739072,-69.8285809367868 -22.3285809371618,-69.8284578199822 -22.3499999997552,-69.8283999603931 -22.3716000391285,-69.8283955137324 -22.3783955131002,-69.8283374071066 -22.3999999999883,-69.8283479003274 -22.4216520990996,-69.8283651461842 -22.4283651461216,-69.8283756744393 -22.4500000002739,-69.8284574453847 -22.4715425552443,-69.8284987750743 -22.4784987746116,-69.8285807382591 -22.5000000002187,-69.8287358045452 -22.521264194828,-69.8288074874099 -22.5288074872527,-69.8289627117994 -22.5500000001773,-69.8291915504315 -22.5708084496081,-69.8293043267289 -22.579304327273,-69.8295329533586 -22.5999999995912,-70.9883389062133 -22.5091252580836,-70.9874578331928 -22.5000000002187,-70.986182557866 -22.4861825581205,-70.9843279060119 -22.4656720940361,-70.9828754847077 -22.4500000002739,-70.981230192417 -22.4312301921095,-70.9802443731394 -22.4197556268266,-70.9785060387415 -22.3999999999883,-70.9765785631623 -22.376578563308,-70.9763428263671 -22.3736571736996,-70.9743891406428 -22.3499999997552,-70.9726596097347 -22.3273403899639,-70.972263554204 -22.3222635545255,-70.9705589219006 -22.2999999998856,-70.9692157788541 -22.2807842208,-70.9683267198107 -22.2683267195025,-70.9670421963281 -22.2499999997776,-70.9660293916593 -22.2339706083817,-70.9647938578007 -22.214793857863,-70.9638569284341 -22.2000000004097,-70.9631174173259 -22.186882582754,-70.9616705422202 -22.1616705427716,-70.9610113387018 -22.1500000001843,-70.9604902987691 -22.1395097011532,-70.9589487187746 -22.1089487185502,-70.9585035918732 -22.0999999999168,-70.95815104804 -22.0918489519998,-70.9566079184516 -22.056607918294,-70.956321823 -22.0500000003428,-70.9560945609112 -22.0439054385209,-70.9546177719066 -22.0046177717469,-70.9544454786283 -21.9999999996193,-70.9543079735078 -21.9956920268966,-70.9529404807272 -21.9529404809686,-70.9528466121699 -21.949999999986,-70.9527711491945 -21.947228850491,-70.951534045979 -21.9015340460884,-70.9514922841998 -21.9000000002717,-70.9514583503399 -21.8985416495895,-70.9503551922216 -21.8503551922303,-70.9503469331109 -21.850000000057,-70.9503401247793 -21.8496598751379,-70.9500000001549 -21.8321583689894,-70.9494190012701 -21.8005809987432,-70.9494087577809 -21.7999999996764,-70.9493998779344 -21.7993998778847,-70.9486438989104 -21.7513561011821,-70.9486238718694 -21.7500000002196,-70.9486065298929 -21.7486065299572,-70.9479741895947 -21.7020258105313,-70.9479490349701 -21.7000000001945,-70.9479273846735 -21.697927385009,-70.9473944995553 -21.6526055009517,-70.9473673542641 -21.649999999698,-70.9473445128014 -21.6473445125304,-70.9468982441413 -21.6031017556447,-70.9468716432291 -21.5999999995836,-70.9468505507862 -21.5968505502214,-70.9464887866449 -21.5535112129611,-70.9464653495991 -21.5499999997918,-70.946449362282 -21.5464493618657,-70.9461804327371 -21.5038195673165,-70.9461632964747 -21.5000000001851,-70.9461564108881 -21.4961564104505,-70.9459984421453 -21.4540015580137,-70.9459913014371 -21.4499999997115,-70.9459978860882 -21.4459978859506,-70.9459787870069 -21.404021212311,-70.9459853761495 -21.3999999997491,-70.9460092605563 -21.3960092605526,-70.946167149349 -21.3538328502908,-70.9461899872184 -21.3499999999273,-70.946232829671 -21.3462328298317,-70.9466180425361 -21.3033819577567,-70.9466563233437 -21.2999999997976,-70.9467151198756 -21.2967151204897,-70.947393307491 -21.2526066928116,-70.9474397351198 -21.2499999996713,-70.9475036700152 -21.2475036695931,-70.9485604759632 -21.2014395242209,-70.9485971532779 -21.1999999997835,-70.9486439411312 -21.1986439411479,-70.9500000001549 -21.1558431088616,-70.9501901797887 -21.1501901799784,-70.9501960736353 -21.1500000002933,-70.950204566308 -21.1497954335764,-70.9523002343562 -21.1023002348437,-70.952395206943 -21.0999999996076,-70.9525291439552 -21.0974708553475,-70.9548997773288 -21.0548997774594,-70.9551577671902 -21.050000000247,-70.9555183500469 -21.0444816496019,-70.9580055910325 -21.0080055906907,-70.9585255206476 -20.9999999996284,-70.9592517025536 -20.9907482978679,-70.9616239115722 -20.9616239119903,-70.962530451831 -20.950000000123,-70.9638033358425 -20.9361966643935,-70.9657514520121 -20.9157514520812,-70.9671941948674 -20.8999999998342,-70.969239674939 -20.8807603245584,-70.9703765791693 -20.8703765789995,-70.9725276014054 -20.8500000001461,-70.9754841160072 -20.8254841160833,-70.9756116992354 -20.8243883007972,-70.9785310307711 -20.7999999998506,-70.9810825605883 -20.7810825609584,-70.9829078806518 -20.767092119531,-70.9851953767424 -20.7500000001839,-70.9871151501664 -20.7371151504767,-70.9912028215774 -20.7087971779249,-70.9925029973055 -20.6999999997885,-70.9935527038678 -20.6935527037415,-70.9999999997986 -20.6527302286835,-71.0003927944448 -20.6503927950239,-71.0004567643744 -20.6499999997534,-71.0005557784817 -20.649444222301,-71.0080824469387 -20.6080824472665,-71.0095090524582 -20.6000000002545,-71.0117608656691 -20.5882391349945,-71.0160882641918 -20.5660882639788,-71.0191391045934 -20.5499999997121,-71.0240502238961 -20.5259497763121,-71.0243775062052 -20.5243775070124,-71.0293061992498 -20.4999999998374,-71.0329868089713 -20.4829868089764,-71.037235911232 -20.4627640880775,-71.0399691639431 -20.4499999997454,-71.0418307462996 -20.4418307462689,-71.0500000003406 -20.4049384800384,-71.0509408481584 -20.4009408484868,-71.0511556820553 -20.4000000001618,-71.0515248959253 -20.3984751047995,-71.0608111026141 -20.360811102735,-71.0633982991414 -20.3500000000562,-71.0679292873484 -20.3320707126172,-71.0708221428377 -20.3208221421598,-71.0760217444157 -20.3000000000098,-71.0810117402919 -20.2810117400685,-71.0851296391139 -20.2648703608157,-71.0889902352857 -20.2499999996898,-71.0913474388457 -20.241347439157,-71.0999999999843 -20.2086422737203,-71.1018942738306 -20.2018942738591,-71.1024098160739 -20.2000000003779,-71.1033711769213 -20.1966288228552,-71.1130970550427 -20.1630970553596,-71.1167813146192 -20.1499999999123,-71.1237759845952 -20.1262240153473,-71.1243395660449 -20.1243395662951,-71.131401722855 -20.1000000002756,-71.1357264686526 -20.0857264683221,-71.1446548583974 -20.0553451415256,-71.1462518895977 -20.0500000000066,-71.1471424658957 -20.0471424662728,-71.149999999628 -20.0376924744447,-71.1591405148491 -20.0091405149086,-71.1619752601192 -20.0000000001039,-71.1677020910224 -19.9822979092873,-71.1713130741228 -19.9713130743086,-71.1781026497363 -19.9499999998083,-71.1835622489104 -19.9335622493897,-71.1916871288713 -19.9083128713549,-71.1944055656683 -19.8999999999788,-71.1958277092559 -19.8958277090267,-71.20000000017 -19.8831976597551,-71.2085946801598 -19.8585946796162,-71.2115005477459 -19.8499999997157,-71.2177662411571 -19.832233759019,-71.221581343948 -19.8215813439769,-71.2290649651365 -19.799999999739,-71.2346259580551 -19.7846259585079,-71.2449982620584 -19.7550017376993,-71.2467769344058 -19.7499999998548,-71.2476490682909 -19.7476490684817,-71.2499999998137 -19.7411047584025,-71.2613078434898 -19.7113078430441,-71.2654584580561 -19.6999999997995,-71.2750297055745 -19.6750297047934,-71.2750646949548 -19.674935304909,-71.2844492689639 -19.6500000000865,-71.2888369363572 -19.6388369366837,-71.3000000003557 -19.6094792581405,-71.3027170438657 -19.6027170436087,-71.3037721061837 -19.6000000003149,-71.3063498928584 -19.5936501071096,-71.3172288062578 -19.5672288063304,-71.3240879348305 -19.5500000000148,-71.3317030523087 -19.5317030523563,-71.3407279534544 -19.5092720473647,-71.3445121640809 -19.5000000003411,-71.3461532872903 -19.4961532873905,-71.3499999999994 -19.4868306112112,-71.3611787458877 -19.4611787455887,-71.3658866779512 -19.4499999998408,-71.3763206252477 -19.4263206253331,-71.3782790181441 -19.421720982268,-71.3876545479148 -19.4000000003811,-71.3914948709073 -19.3914948703078,-71.3999999996431 -19.3720111849755,-71.4069491690517 -19.3569491690743,-71.4100468988161 -19.3500000003732,-71.4188411988352 -19.3311588009159,-71.4227937762038 -19.3227937766047,-71.4332058513197 -19.2999999998551,-71.4386391603987 -19.2886391608732,-71.4500000001851 -19.2640645928317,-71.4546192784115 -19.2546192784967,-71.4568020372282 -19.2499999996458,-71.4634773660022 -19.2365226334252,-71.4711688753139 -19.2211688756675,-71.4814215003651 -19.1999999996501,-71.4876777686523 -19.1876777694654,-71.4999999998288 -19.1625741439928,-71.5043005027918 -19.1543005026039,-71.5064608279809 -19.1499999997064,-71.513670836707 -19.1363291630454,-71.5215475759352 -19.1215475761818,-71.5326515218048 -19.0999999995862,-71.5387441556748 -19.08874415593,-71.5500000003708 -19.0672413522886,-71.556152582413 -19.0561525821116,-71.559452902037 -19.0499999998441,-71.5637469155704 -19.0423935652632)))",AI_S,Crust above interface,1172621.02012000000,55731210368.90000152588
"MULTIPOLYGON (((-72.0324197672715 -17.2270728409084,-72.6000000018715 -17.8922681132176,-72.6235415190068 -17.8735415183153,-72.6416707566239 -17.8583292432778,-72.6499999997186 -17.8513735385702,-72.6507666668978 -17.8507666673983,-72.6516839177698 -17.8500000000049,-72.6787993319573 -17.8287993314923,-72.7000000002606 -17.8112896124207,-72.7063316066575 -17.8063316062441,-72.7139901343234 -17.8000000000773,-72.7342940935303 -17.7842940930791,-72.7499999999043 -17.7714635783899,-72.7620939089799 -17.7620939082488,-72.776882860926 -17.7500000002082,-72.7899784732901 -17.7399784732231,-72.8000000004463 -17.7318820251078,-72.8180490212034 -17.7180490215798,-72.8403673320607 -17.7000000001084,-72.8458502730592 -17.6958502725779,-72.85000000009 -17.6925359092347,-72.8741964241017 -17.6741964240512,-72.8822107376208 -17.6677892623347,-72.8999999997337 -17.6536536721208,-72.9020837076122 -17.6520837076936,-72.9047031581498 -17.650000000284,-72.9306843558663 -17.6306843561297,-72.9500000002757 -17.6155214874235,-72.9588963417245 -17.6088963411859,-72.9702155724452 -17.6000000003265,-72.9873871341041 -17.5873871338248,-72.9999999999194 -17.5776090243662,-73.0159047717377 -17.5659047712459,-73.0363908410123 -17.549999999767,-73.0442777383898 -17.5442777381251,-73.0499999995631 -17.5398975963103,-73.0731005094709 -17.5231005096116,-73.0893958202657 -17.5106041794553,-73.1000000001051 -17.5025304047794,-73.1014687599677 -17.501468759804,-73.1033933672263 -17.499999999791,-73.1306141969157 -17.4806141966825,-73.1499999997488 -17.4660366406044,-73.1593533321489 -17.4593533327363,-73.1717545243405 -17.4499999998123,-73.1883320040509 -17.4383320045304,-73.2000000002908 -17.4296628069617,-73.2173799369597 -17.4173799366843,-73.2406823441259 -17.4000000000423,-73.2461760496365 -17.3961760490359,-73.2499999999345 -17.3933669241866,-73.2720772191392 -17.3779227816784,-73.2755305640769 -17.3755305643247,-73.2999999995782 -17.3576169944529,-73.3044889699862 -17.3544889698521,-73.3105861771793 -17.3499999997772,-73.3339599554948 -17.3339599560738,-73.3500000001202 -17.3223283706318,-73.3632035836933 -17.3132035843092,-73.3812871150287 -17.2999999999693,-73.3924210700187 -17.2924210702994,-73.3999999997639 -17.2869697463684,-73.4219229863192 -17.2719229863188,-73.444313255824 -17.2556867447835,-73.4500000003059 -17.2515998275948,-73.4509491916762 -17.25094919132,-73.4522580145872 -17.2499999997981,-73.480753098219 -17.2307530980356,-73.4999999999496 -17.2169951238755,-73.5101003363057 -17.2101003358813,-73.524083992617 -17.2000000001007,-73.5395747300226 -17.189574729802,-73.5499999995933 -17.182148955802,-73.5691245400024 -17.1691245398194,-73.5956609190224 -17.1499999999408,-73.5982562758458 -17.1482562755455,-73.6000000001353 -17.147016215158,-73.6093453599873 -17.1406546404001,-73.6280578934812 -17.1280578933173,-73.649999999779 -17.1123980944538,-73.6573681640974 -17.1073681634649,-73.6675511679175 -17.100000000041,-73.6869334206086 -17.0869334206126,-73.700000000321 -17.0775931685237,-73.7163820272869 -17.0663820274563,-73.7389630944665 -17.0500000002085,-73.7455467286062 -17.0455467280326,-73.7499999999647 -17.0423524315871,-73.7744516443318 -17.0255483550043,-73.7751046162371 -17.0251046161132,-73.7999999996084 -17.0071355291574,-73.8042201177266 -17.0042201177194,-73.8099737040522 -17.0000000001936,-73.8337481974597 -16.9837481983249,-73.8500000001504 -16.9719481499954,-73.8629467985029 -16.9629467992177,-73.8804852761413 -16.9499999996893,-73.8920425289713 -16.9420425282773,-73.8999999997941 -16.9362232527204,-73.921302104961 -16.92130210499,-73.9499465865093 -16.900000000051,-73.9499781137826 -16.8999781140851,-73.9500000003361 -16.8999619791681,-73.9501294125343 -16.8998705871971,-73.9794109325697 -16.8794109320927,-73.9999999999798 -16.8641107150057,-74.0082476248428 -16.8582476252686,-74.0191625103794 -16.8499999999999,-74.0372496969597 -16.8372496967074,-74.0499999996235 -16.8276930172614,-74.0661291193959 -16.8161291199395,-74.0872992593525 -16.7999999999197,-74.0947212812654 -16.7947212811835,-74.1000000001655 -16.7907309925561,-74.1236399106722 -16.7736399110554,-74.1353643229085 -16.7646356771929,-74.1499999998092 -16.7534867146371,-74.152018347166 -16.7520183469754,-74.154626843647 -16.7500000001387,-74.1809812024308 -16.7309812023473,-74.2000000003513 -16.7163806983661,-74.2094519623797 -16.7094519617338,-74.2215808725137 -16.7000000000694,-74.2380354591 -16.6880354590934,-74.249999999995 -16.6787860374226,-74.2665618202733 -16.6665618201807,-74.2876797564339 -16.6499999999287,-74.2947929779763 -16.6447929779599,-74.2999999996386 -16.6407429742662,-74.323380869255 -16.6233808697482,-74.3386976461092 -16.6113023531216,-74.3500000001806 -16.6024543282446,-74.3514053102381 -16.6014053108052,-74.3531759282906 -16.5999999998787,-74.3800888631114 -16.5800888629538,-74.3999999998243 -16.5644249658739,-74.4082417398239 -16.5582417398973,-74.4185791056508 -16.5500000000266,-74.4366022459446 -16.5366022463809,-74.4500000003664 -16.5260182589665,-74.4648372565218 -16.5148372559702,-74.4833736896774 -16.5000000004248,-74.492893480798 -16.4928934801568,-74.50000000001 -16.487258826427,-74.5212101042171 -16.4712101047679,-74.5476122372044 -16.4500000002094,-74.5489771221757 -16.4489771216261,-74.5499999996537 -16.4481633133899,-74.5576421672017 -16.4423578333035,-74.5774423098748 -16.4274423103079,-74.6000000001957 -16.4093743718688,-74.6053139285634 -16.4053139283226,-74.611857154685 -16.4000000001851,-74.6335715156004 -16.3835715154483,-74.6499999998395 -16.3703602388081,-74.6615179684437 -16.3615179681809,-74.6756377356902 -16.3500000002409,-74.6894781726974 -16.3394781726716,-74.7000000003815 -16.3309782592374,-74.7174843662021 -16.3174843664379,-74.7388087989954 -16.3000000002119,-74.7451513091431 -16.2951513096935,-74.7500000000251 -16.2912132094552,-74.7731986167417 -16.2731986170707,-74.7937732599033 -16.2562267404667,-74.7999999996688 -16.251120854841,-74.8006285257203 -16.2506285256562,-74.8013826542148 -16.249999999879,-74.8287541906662 -16.2287541912013,-74.8500000002109 -16.2112040490318,-74.8562605013597 -16.2062605021772,-74.8637118703346 -16.1999999998322,-74.8840650841686 -16.1840650842196,-74.8999999998546 -16.170788477461,-74.9115687789679 -16.1615687785288,-74.9252116099688 -16.1499999997457,-74.9390547068876 -16.1390547065514,-74.9500000003966 -16.1298451811685,-74.9665324322904 -16.116532431892,-74.985827015698 -16.1000000001031,-74.9937032752259 -16.0937032751085,-75.0000000000403 -16.0883462754406,-75.0211329147099 -16.0711329146289,-75.0455148237598 -16.0499999996093,-75.0479938658218 -16.0479938658307,-75.049999999684 -16.0462662703962,-75.0713005058496 -16.0286994946528,-75.0753667084236 -16.0253667083112,-75.100000000226 -16.0038385445885,-75.1020910356623 -16.0020910350478,-75.1044380478354 -16.0000000003688,-75.1293230565635 -15.9793230567626,-75.1499999998697 -15.961004170937,-75.1559572693045 -15.9559572695076,-75.1625531106505 -15.9500000001172,-75.1828730059706 -15.932873005904,-75.2000000004117 -15.9174811462917,-75.2094024580814 -15.9094024574702,-75.2196671286423 -15.8999999999912,-75.2360155119041 -15.8860155119561,-75.2500000000554 -15.8732616543042,-75.2624284426411 -15.8624284422473,-75.2758035020255 -15.8500000002123,-75.288753984369 -15.8387539845322,-75.2999999996991 -15.8283429465896,-75.3150411797123 -15.8150411796788,-75.330996383849 -15.8000000000859,-75.3410955128693 -15.7910955130755,-75.3500000002411 -15.7827266498571,-75.3672496488544 -15.767249648573,-75.3852865378636 -15.7499999997295,-75.3930496357168 -15.7430496357553,-75.3999999998848 -15.7364174878025,-75.4190646559021 -15.7190646550365,-75.4387175036147 -15.7000000000741,-75.444627198272 -15.6946271983359,-75.4500000004268 -15.6894219045449,-75.4704976238325 -15.6704976238976,-75.4913322178778 -15.65000000027,-75.4958390854211 -15.6458390860096,-75.5000000000705 -15.6417461075382,-75.5215593629718 -15.6215593633237,-75.5431702164068 -15.6000000002809,-75.5466950932923 -15.5966950935847,-75.5499999997142 -15.5933942098739,-75.5722592310702 -15.572259230907,-75.5942664930738 -15.5500000000195,-75.5972033758934 -15.5472033756106,-75.6000000002562 -15.5443671349768,-75.6226046347372 -15.5226046343589,-75.6446507363005 -15.5000000002133,-75.647369977988 -15.4973699779224,-75.6499999998999 -15.4946615360859,-75.6726009503899 -15.4726009504785,-75.6943480719654 -15.4499999998082,-75.6971991225563 -15.4471991217797,-75.7000000004419 -15.4442702925348,-75.722251943766 -15.422251943639,-75.7433802348068 -15.400000000297,-75.746693766852 -15.3966937672693,-75.7500000000856 -15.3931836994828,-75.7715605254069 -15.3715605252667,-75.7917671144235 -15.3499999996586,-75.7958565034133 -15.3458565032333,-75.7999999997293 -15.3413916555371,-75.8205297262283 -15.3205297258131,-75.8395283542757 -15.3000000001524,-75.8446906074975 -15.2946906074565,-75.8500000002713 -15.2888865355298,-75.8691637117184 -15.2691637114767,-75.8866844997322 -15.249999999657,-75.8932009255156 -15.243200925534,-75.899999999915 -15.2356658743715,-75.9174686056923 -15.2174686056573,-75.9332577490622 -15.2000000003334,-75.9413945119377 -15.1913945117692,-75.9499999995587 -15.1817345245403,-75.9654528550087 -15.165452854709,-75.9792718447385 -15.1499999999605,-75.9892807083442 -15.1392807082597,-76.0000000001007 -15.1271052561644,-76.0131271586026 -15.1131271580256,-76.0247516045175 -15.0999999997344,-76.0368707508628 -15.0868707505379,-76.0499999997444 -15.071797715411,-76.0605037551215 -15.0605037552466,-76.0697218210028 -15.0499999999365,-76.0841767371054 -15.0341767367093,-76.1000000002864 -15.0158352167123,-76.1075951814534 -15.0075951822601,-76.1142058234422 -14.9999999999315,-76.1312102786953 -14.9812102791867,-76.1499999999301 -14.959240176202,-76.1544127321165 -14.9544127320029,-76.1582239227443 -14.9499999999031,-76.1779809049612 -14.9279809044272,-76.1999999995738 -14.9020289371918,-76.200964933021 -14.9009649329208,-76.2017921789898 -14.8999999999868,-76.2163106050847 -14.8836893954555,-76.2245084201618 -14.8745084198221,-76.2452429032568 -14.8500000002699,-76.2474645914646 -14.8474645909358,-76.2500000001158 -14.8444135235349,-76.2708675066364 -14.8208675072951,-76.2883955413597 -14.7999999999235,-76.2937942293676 -14.793794228868,-76.2999999997595 -14.7862740691781,-76.3169761553863 -14.766976154963,-76.3311329332225 -14.7499999998073,-76.3398771413846 -14.7398771413094,-76.3500000003015 -14.7275246728592,-76.3628299961075 -14.7128299965176,-76.373450046483 -14.6999999998654,-76.3857080822526 -14.6857080825094,-76.3999999999452 -14.6681441370554,-76.4084228385094 -14.6584228385731,-76.4153415352669 -14.6499999999946,-76.4312811329722 -14.6312811328282,-76.4499999995889 -14.6081083533955,-76.4537483072485 -14.6037483074474,-76.4568030768811 -14.6000000000441,-76.4765912117738 -14.5765912115326,-76.4894653723524 -14.5605346274441,-76.4979601498012 -14.5499999998163,-76.4988886071563 -14.5488886067607,-76.5000000001309 -14.5474888283979,-76.5217212259717 -14.5217212256114,-76.539109267241 -14.499999999936,-76.5440485352532 -14.4940485356529,-76.5499999997746 -14.486501321697,-76.566632212937 -14.4666322128794,-76.5798506393735 -14.4500000001122,-76.5889563718268 -14.4389563719823,-76.6000000003166 -14.4248556351931,-76.6112838922123 -14.411283892332,-76.6170856749496 -14.4039321612528,-76.0948742528011 -13.5170480812969,-76.0833050424964 -13.5333050421658,-76.0715194109717 -13.5500000003636,-76.0625654902082 -13.5625654895153,-76.0499999997444 -13.5803102249573,-76.0418059872359 -13.5918059879003,-76.0360205385655 -13.6000000000261,-76.0210228918093 -13.621022892083,-76.0017469726983 -13.6482530271245,-76.0005086747236 -13.6499999998061,-76.0002965600271 -13.6502965600973,-76.0000000001007 -13.6507136634741,-75.979468778805 -13.6794687787202,-75.9649451586512 -13.6999999999307,-75.9587181943068 -13.7087181935026,-75.9499999995587 -13.72101680752,-75.9379449902298 -13.7379449895678,-75.9294539569591 -13.7499999997112,-75.9172087428435 -13.7672087425327,-75.899999999915 -13.7916166934364,-75.8965233185428 -13.7965233185664,-75.8940909116205 -13.8000000001608,-75.8798194629399 -13.8201805365886,-75.8758222752342 -13.8258222756801,-75.8588768321087 -13.8499999996317,-75.8551993961352 -13.855199395616,-75.8500000002713 -13.8626168277072,-75.8345708899892 -13.8845708893652,-75.8238619576045 -13.8999999999219,-75.8140288691471 -13.9140288691496,-75.7999999997293 -13.934255872873,-75.7935398138726 -13.9435398135001,-75.7891073088684 -13.9500000001682,-75.7730918241829 -13.9730918238108,-75.764782465297 -13.9852175346201,-75.7546298586694 -14.0000000003359,-75.7527342418417 -14.0027342423413,-75.7500000000856 -14.0067170020294,-75.7323670223742 -14.0323670231256,-75.7204051970864 -14.0500000003459,-75.7121041808545 -14.0621041804872,-75.7000000004419 -14.0799491148316,-75.691883864682 -14.0918838647466,-75.686443586473 -14.1000000000749,-75.6717065373874 -14.1217065372076,-75.6582822251727 -14.141717774234,-75.6527131249586 -14.1500000002257,-75.6516144997392 -14.1516144998761,-75.6499999998999 -14.1540093996846,-75.6314649097257 -14.1814649091128,-75.6191091246767 -14.1999999997141,-75.6113994595149 -14.2113994598073,-75.6000000002562 -14.228422404729,-75.5913288035671 -14.2413288034587,-75.5855789775893 -14.250000000024,-75.5712447169074 -14.2712447171356,-75.5561420220602 -14.2938579778033,-75.5520316439338 -14.2999999999808,-75.5512088742701 -14.3012088746286,-75.5499999997142 -14.3029977925447,-75.5310133857354 -14.3310133860545,-75.5182766530223 -14.3500000001066,-75.5108501727706 -14.3608501724551,-75.5000000000705 -14.3768147047204,-75.4905891395596 -14.3905891396133,-75.4842239631206 -14.400000000007,-75.4702220889753 -14.4202220889046,-75.4500000004268 -14.449626831923,-75.4498472482009 -14.4498472477508,-75.4497424184005 -14.4500000001122,-75.4491273679766 -14.4508726319996,-75.4291645377107 -14.4791645377794,-75.4145566735495 -14.499999999936,-75.4084667319304 -14.5084667315012,-75.3999999998848 -14.5202735816064,-75.3875301602358 -14.5375301604397,-75.3785729219939 -14.5499999998163,-75.366432273574 -14.5664322739121,-75.3500000002411 -14.5887306900858,-75.3451913311016 -14.5951913306389,-75.3416320711986 -14.6000000000441,-75.323615658388 -14.623615658461,-75.3147883147396 -14.6352116849664,-75.3035275517674 -14.6499999999946,-75.3019783944836 -14.6519783948357,-75.2999999996991 -14.6545020591599,-75.2799009327337 -14.6799009322168,-75.2640255717578 -14.6999999998654,-75.2577359993297 -14.707736000043,-75.2500000000554 -14.7172376057762,-75.2352068718416 -14.735206871304,-75.2230490647015 -14.7499999998073,-75.2124841978338 -14.7624841983754,-75.2000000004117 -14.7772134572485,-75.1894765000646 -14.7894765004975,-75.1804604742739 -14.7999999999235,-75.1661853047714 -14.8161853048057,-75.1499999998697 -14.8345072666516,-75.142681918425 -14.8426819186248,-75.1361415803871 -14.8500000002699,-75.11883023548 -14.8688302349994,-75.100000000226 -14.8892814632367,-75.0948249172653 -14.8948249172776,-75.0900023116625 -14.8999999999868,-75.0704360076444 -14.9204360075904,-75.049999999684 -14.941750268663,-75.0459331691876 -14.9459331686704,-75.0419867398887 -14.9499999999031,-75.0210412308554 -14.9710412313492,-75.0000000000403 -14.9921511286194,-74.9960550403852 -14.9960550409094,-74.9920766391471 -14.9999999999315,-74.9707005837677 -15.020700584138,-74.9500000003966 -15.0407222738234,-74.9452531748745 -15.0452531743856,-74.9402903099165 -15.0499999999365,-74.9194789256433 -15.0694789258581,-74.8999999998546 -15.0876877680614,-74.8935980284215 -15.0935980289332,-74.8866770732994 -15.0999999997344,-74.8674455112005 -15.1174455111561,-74.8500000002109 -15.1332487753599,-74.8411621696298 -15.1411621695018,-74.8313092221165 -15.1499999999605,-74.8146693544096 -15.1646693546938,-74.7999999996688 -15.1775800731674,-74.7880157946523 -15.1880157949929,-74.7742727709545 -15.2000000003334,-74.7612158265718 -15.2112158265498,-74.7500000000251 -15.2208303976471,-74.7342241867558 -15.2342241866529,-74.7156603531874 -15.249999999657,-74.7071448138758 -15.2571448144755,-74.7000000003815 -15.2631243237455,-74.6798464308312 -15.279846430768,-74.6555668075529 -15.3000000001524,-74.6525104937162 -15.3025104929509,-74.6499999998395 -15.3045662399705,-74.6256206213437 -15.324379378788,-74.6249358805184 -15.3249358806368,-74.6000000001957 -15.34519725803,-74.59733881932 -15.347338819299,-74.5940406412796 -15.3499999996586,-74.5695436966694 -15.3695436969415,-74.5499999996537 -15.3851222754914,-74.541689920319 -15.3916899200994,-74.531195895493 -15.400000000297,-74.5137174648414 -15.4137174644532,-74.50000000001 -15.4244671253655,-74.4856381224214 -15.4356381221912,-74.4671986489261 -15.4499999998082,-74.4575021843419 -15.4575021844212,-74.4500000003664 -15.4632944356278,-74.4292294445228 -15.4792294441638,-74.4021759170718 -15.5000000002133,-74.4009426775105 -15.5009426774147,-74.3999999998243 -15.501661322714,-74.3931243413521 -15.5068756585704,-74.3725092623246 -15.5225092629343,-74.3500000001806 -15.5395823595562,-74.3440570310269 -15.5440570308244,-74.336187786443 -15.5500000000195,-74.3155248990761 -15.5655248988196,-74.2999999996386 -15.5771852733436,-74.2869359477854 -15.5869359472489,-74.2694764590099 -15.6000000002809,-74.2583212822196 -15.6083212818304,-74.249999999995 -15.6145231512205,-74.2296274310599 -15.6296274310934,-74.2022037842372 -15.65000000027,-74.2009387155686 -15.6509387157484,-74.2000000003513 -15.6516342835037,-74.1937667442067 -15.6562332554943,-74.1721666031813 -15.6721666029125,-74.1499999998092 -15.6885416178484,-74.1433911284 -15.6933911283047,-74.1344233951406 -15.7000000000741,-74.1145854899879 -15.7145854896195,-74.1000000001655 -15.7253184700827,-74.0857457173918 -15.7357457172533,-74.0663318826302 -15.7499999997295,-74.0569111406512 -15.7569111403781,-74.0499999996235 -15.7619822013381,-74.0280230889984 -15.7780230894446,-74.0054542811275 -15.7945457186969,-73.9999999999798 -15.7985369361673,-73.9991523173384 -15.7991523168581,-73.9979914244967 -15.8000000000859,-73.9702236259021 -15.8202236259613,-73.9500000003361 -15.8349855414119,-73.941293453144 -15.8412934533464,-73.9293361499753 -15.8500000002123,-73.912349584671 -15.8623495854538,-73.8999999997941 -15.8713399279138,-73.8833649335824 -15.8833649328392,-73.8604460522453 -15.8999999999912,-73.8543916524704 -15.9043916525455,-73.8500000001504 -15.90757826047,-73.8253473047379 -15.9253473051335,-73.8228398938792 -15.9271601058275,-73.7999999996084 -15.9436647207663,-73.7963077387378 -15.9463077388668,-73.7911793241544 -15.9500000001172,-73.7672070001616 -15.9672070000979,-73.7499999999647 -15.9795819153974,-73.7380786671366 -15.9880786672858,-73.7214296105627 -16.0000000003688,-73.7089296971146 -16.0089296968337,-73.700000000321 -16.0153137733182,-73.6797026392399 -16.0297026395936,-73.6511684770966 -16.0499999996093,-73.6504852355595 -16.0504852355874,-73.649999999779 -16.0508296918798,-73.6471934687954 -16.0528065316485,-73.6211463769578 -16.0711463772204,-73.6000000001353 -16.0860682681595,-73.5917981884535 -16.091798188065,-73.5801146109351 -16.1000000001031,-73.5623914360809 -16.1123914355717,-73.5499999995933 -16.1210632060523,-73.5329141327209 -16.1329141331032,-73.5083682999963 -16.1499999997457,-73.5034280366508 -16.1534280364191,-73.4999999999496 -16.155805997688,-73.4813635941844 -16.1686364058801,-73.4738245415529 -16.1738245417337,-73.4500000003059 -16.1902574670881,-73.4442131879929 -16.1942131882253,-73.4357887863601 -16.1999999998322,-73.4145281186807 -16.2145281188425,-73.3999999997639 -16.2244660516945,-73.384794331934 -16.2347943320782,-73.3624883091315 -16.249999999879,-73.3550503061897 -16.2550503067384,-73.3500000001202 -16.2584787906462,-73.325219893956 -16.2752198935746,-73.3238576051159 -16.2761423943912,-73.2999999995782 -16.2922907670531,-73.2953927003861 -16.2953927000651,-73.2885822164843 -16.3000000002119,-73.265517437067 -16.3155174370689,-73.2499999999345 -16.3259687253645,-73.2356252225384 -16.3356252227379,-73.214301575771 -16.3500000002409,-73.2057455754407 -16.3557455755667,-73.2000000002908 -16.3596033753107,-73.1758338593857 -16.3758338592468,-73.1707322469371 -16.3792677528942,-73.1499999997488 -16.3932166196096,-73.145945849871 -16.3959458494461,-73.1399501316437 -16.4000000001851,-73.116068806091 -16.4160688060955,-73.1000000001051 -16.4268903880996,-73.0862107473062 -16.4362107470177,-73.065871001015 -16.4500000002094,-73.0564011921568 -16.4564011927251,-73.0499999995631 -16.4607260899486,-73.0266247614852 -16.4766247615996,-73.0164316848558 -16.4835683157048,-72.9999999999194 -16.4947583431963,-72.9968910205526 -16.4968910200983,-72.9923742095574 -16.5000000004248,-72.9672385286441 -16.5172385287549,-72.9500000002757 -16.529061590541,-72.9376307144464 -16.5376307149479,-72.9198079406817 -16.5500000000266,-72.9081079356717 -16.5581079358846,-72.8999999997337 -16.5637181788339,-72.8786662064952 -16.5786662061006,-72.8541620600913 -16.5958379404941,-72.85000000009 -16.5987545108437,-72.849271595752 -16.5992715951141,-72.8482471480188 -16.5999999998787,-72.8200264287395 -16.6200264286924,-72.8000000004463 -16.6342158675926,-72.7908187484237 -16.6408187488113,-72.7780500500595 -16.6499999999287,-72.7617345289674 -16.6617345293865,-72.7499999999043 -16.6701469731397,-72.7327320912362 -16.6827320912019,-72.7089929303654 -16.7000000000694,-72.7037922085881 -16.7037922082739,-72.7000000002606 -16.7065437892097,-72.6750047017718 -16.7250047017404,-72.6749690988422 -16.7250309008763,-72.6499999997186 -16.7434150502795,-72.6462352870253 -16.7462352864073,-72.6411969429222 -16.7500000001387,-72.6176397546768 -16.7676397543523,-72.6000000000749 -16.7807780608948,-72.5890679378518 -16.7890679382449,-72.5745901425572 -16.7999999999197,-72.5606050201954 -16.8106050203357,-72.5500000004312 -16.8185911321111,-72.5322246909513 -16.8322246913371,-72.5089131155793 -16.8499999999999,-72.5038698100808 -16.8538698100569,-72.4999999998892 -16.8568140812178,-72.4756703772804 -16.8756703773385,-72.4698578417093 -16.8801421579315,-72.4500000002455 -16.8954341318702,-72.4474397971942 -16.8974397966977,-72.4441509616328 -16.900000000051,-72.4193907809999 -16.9193907812514,-72.3999999997035 -16.9344439506461,-72.3913071931419 -16.9413071935006,-72.3802118198951 -16.9499999996893,-72.3633302227317 -16.9633302228931,-72.3500000000598 -16.9737504934734,-72.3353738183517 -16.9853738180205,-72.3168025835637 -17.0000000001936,-72.3074423979163 -17.0074423977812,-72.3000000004161 -17.0132933027614,-72.279593858744 -17.0295938583618,-72.2537864158646 -17.0500000002085,-72.2516822767033 -17.0516822768527,-72.2499999998741 -17.0530106027202,-72.2348092090436 -17.065190791055,-72.2239270401496 -17.0739270404954,-72.2000000002304 -17.0929213264283,-72.1960771014021 -17.0960771016327,-72.1911511922366 -17.100000000041,-72.1683497566397 -17.1183497572862,-72.1499999996884 -17.1329375518472,-72.1405471734807 -17.1405471735739,-72.1286746362405 -17.1499999999408,-72.1127939275937 -17.1627939276794,-72.1000000000447 -17.1729666966724,-72.0850194581098 -17.18501945813,-72.0661781268653 -17.2000000001007,-72.0572176735531 -17.2072176734361,-72.050000000401 -17.2129512438784,-72.0324197672715 -17.2270728409084)))",AI_N,Crust above interface,1451772.20849999995,60570822014.80000305176
"MULTIPOLYGON (((-71.1114116170421 -18.754195548738,-71.5637469155704 -19.0423935652632,-71.5717058515455 -19.0282941479462,-71.5740970302879 -19.0240970298458,-71.5873776120572 -19.0000000001198,-71.5920135782867 -18.9920135782497,-71.6000000000145 -18.9777910345763,-71.6103744105671 -18.9603744109051,-71.6163503874177 -18.9499999999874,-71.62907389154 -18.9290738921449,-71.640700109831 -18.9092998905015,-71.6462152527374 -18.8999999998045,-71.6476733073767 -18.897673307555,-71.6499999996582 -18.8938356861877,-71.6671616205602 -18.8671616199373,-71.6778396491024 -18.8499999998643,-71.6866419549073 -18.8366419555684,-71.7000000002002 -18.8156768263457,-71.7063278723004 -18.806327872897,-71.7104671312632 -18.8000000003953,-71.7266662612372 -18.7766662614728,-71.7334553391841 -18.7665446610111,-71.7446271707397 -18.7499999998604,-71.7468716069855 -18.7468716071738,-71.7499999998439 -18.7423597305736,-71.7679606820726 -18.7179606821759,-71.7807300945975 -18.7000000000597,-71.7890310551338 -18.68903105527,-71.8000000003859 -18.674017276801,-71.8104930137089 -18.6604930131311,-71.8183468207446 -18.6500000001777,-71.8323950416702 -18.6323950416499,-71.8500000000296 -18.6095132025028,-71.8542777136322 -18.6042777134474,-71.8576449855926 -18.6000000001855,-71.8769852662987 -18.5769852664482,-71.8938106486882 -18.5561893509377,-71.8988380216668 -18.5499999999902,-71.8993778049479 -18.5493778052216,-71.8999999996733 -18.548632927848,-71.9228364471084 -18.5228364468475,-71.9422846325481 -18.5000000002872,-71.945961400175 -18.4959614001109,-71.9500000002153 -18.4913467658136,-71.9698903804553 -18.4698903800281,-71.9876007076042 -18.4500000000052,-71.9936494731456 -18.4436494737549,-71.999999999859 -18.4367023173141,-72.0180493134669 -18.4180493133872,-72.0347977659321 -18.3999999997133,-72.0423724969517 -18.3923724975363,-72.050000000401 -18.3843563610394,-72.0672339356834 -18.3672339355621,-72.0838420910641 -18.3499999999183,-72.0920467881346 -18.3420467877726,-72.1000000000447 -18.3339877397582,-72.1173528048971 -18.3173528043226,-72.1346581203119 -18.3000000002121,-72.1425800196461 -18.2925800200019,-72.1499999996884 -18.2853039373827,-72.1683079643177 -18.2683079642135,-72.1871348820934 -18.2500000001237,-72.1938761660739 -18.2438761663674,-72.2000000002304 -18.2380438681209,-72.2199998195265 -18.2199998189098,-72.2411346071835 -18.1999999999729,-72.2458397302151 -18.1958397304253,-72.2499999998741 -18.1919781718388,-72.2723311287922 -18.1723311289081,-72.2965022382792 -18.1500000000176,-72.2983791611658 -18.1483791613527,-72.3000000004161 -18.1469081563481,-72.3221933053117 -18.1278066948148,-72.3252154993372 -18.1252154989884,-72.3500000000598 -18.1028497785701,-72.351536447979 -18.1015364472684,-72.3532440941302 -18.0999999996007,-72.3786450996491 -18.0786450993673,-72.3999999997035 -18.0597321856844,-72.4052912617799 -18.0552912623976,-72.4112759477972 -18.0499999997108,-72.4324769996811 -18.0324769997782,-72.4500000002455 -18.0172089203249,-72.4594241746872 -18.0094241747905,-72.4702478587646 -18.000000000422,-72.486645965574 -17.9866459664253,-72.4999999998892 -17.9751754628465,-72.5138738452418 -17.9638738457168,-72.5300249225347 -17.9500000000384,-72.5410986895023 -17.9410986893258,-72.5500000004312 -17.9335494127841,-72.568591635061 -17.9185916351123,-72.5904999682973 -17.9000000002206,-72.5957940897113 -17.8957940898741,-72.6000000018715 -17.8922681132176,-72.2936693758779 -17.5335567731903,-72.2880994177728 -17.5380994178456,-72.2729965396692 -17.549999999767,-72.2603755971012 -17.5603755968855,-72.2499999998741 -17.5686047587048,-72.2327450925231 -17.582745092863,-72.2109423427736 -17.6000000003265,-72.2049512715313 -17.6049512720034,-72.2000000002304 -17.6088978215964,-72.1774592323728 -17.6274592327616,-72.1534625092386 -17.6465374905522,-72.1499999996884 -17.6493012024142,-72.1496166660988 -17.6496166660858,-72.1491350702918 -17.650000000284,-72.1222946492774 -17.6722946491444,-72.1000000000447 -17.6901841723014,-72.0946282300542 -17.6946282305796,-72.0879151073596 -17.7000000001084,-72.0672651377665 -17.7172651382599,-72.050000000401 -17.7312117536326,-72.0397497163594 -17.7397497156922,-72.0270295297154 -17.7500000002082,-72.012364372802 -17.7623643732892,-71.999999999859 -17.772439540439,-71.9850253688387 -17.7850253684549,-71.9666165934715 -17.8000000000773,-71.9576457628211 -17.8076457627757,-71.9500000002153 -17.813947076742,-71.9305168155138 -17.8305168158321,-71.906861051539 -17.8500000000049,-71.9031806115992 -17.8531806118066,-71.8999999996733 -17.8558404010346,-71.8763027631768 -17.8763027628835,-71.8603302538944 -17.8896697462247,-71.8500000000296 -17.8983386011977,-71.8491092494585 -17.8991092495741,-71.8480492499996 -17.9000000002206,-71.8225155444486 -17.9225155445383,-71.8000000003859 -17.9417841032321,-71.7956370321713 -17.9456370317074,-71.7905553030332 -17.9500000000384,-71.7692353743928 -17.9692353744327,-71.7499999998439 -17.9860949817815,-71.7427022311044 -17.9927022309124,-71.7344200282896 -18.000000000422,-71.716559909762 -18.0165599099451,-71.7000000002002 -18.0314923350458,-71.6904226881554 -18.0404226881129,-71.6798804893756 -18.0499999997108,-71.6646129653519 -18.0646129653821,-71.6499999996582 -18.0782301914365,-71.6389191988819 -18.0889191990128,-71.6271421004541 -18.0999999996007,-71.6135186038931 -18.1135186035124,-71.6000000000145 -18.1265933572009,-71.5883094021621 -18.1383094019452,-71.5763623020584 -18.1500000000176,-71.5633943411944 -18.1633943409619,-71.5500000003708 -18.1768927949963,-71.5387012260857 -18.1887012262098,-71.5276397660375 -18.1999999999729,-71.5143439551291 -18.2143439549167,-71.4999999998288 -18.2294568443585,-71.4901861541831 -18.2401861543478,-71.481009721622 -18.2500000001237,-71.4664505209964 -18.2664505209002,-71.4500000001851 -18.2846182346739,-71.4428334232064 -18.2928334231833,-71.4364468983046 -18.3000000002121,-71.4197708734075 -18.3197708738486,-71.3999999996431 -18.3426965317796,-71.3966856375545 -18.3466856378637,-71.3938740526491 -18.3499999999183,-71.37433185043 -18.3743318497397,-71.3682117963843 -18.3817882034529,-71.3532960777786 -18.3999999997133,-71.3518573207482 -18.4018573207011,-71.3499999999994 -18.4042009951955,-71.3301836993293 -18.430183699795,-71.3147396617421 -18.4500000000052,-71.3084817603177 -18.4584817602834,-71.3000000003557 -18.4697217716511,-71.2872561880198 -18.4872561882022,-71.2777929126087 -18.5000000002872,-71.2663117955923 -18.5163117960985,-71.2499999998137 -18.5389735755839,-71.2454828097294 -18.5454828098028,-71.242280043552 -18.5499999999902,-71.2263870504436 -18.5736129491603,-71.225274001874 -18.5752740014597,-71.2083261054494 -18.6000000001855,-71.205043991083 -18.6050439912512,-71.20000000017 -18.6126162421836,-71.1853784663451 -18.6353784669371,-71.175770940364 -18.6500000001777,-71.1658593409474 -18.6658593415828,-71.149999999628 -18.6906482225906,-71.1464288343525 -18.6964288339744,-71.1441720696278 -18.7000000000597,-71.1353481485606 -18.7146518517047,-71.1275975157302 -18.7275975159922,-71.1138639432075 -18.7499999998604,-71.1114116170421 -18.754195548738)))",AI_C_Shallow,Crust above interface (15 to 30 km),489253.37754199997,10700018614.20000076294
"MULTIPOLYGON (((-71.1114116170421 -18.754195548738,-71.1138639432075 -18.7499999998604,-71.1275975157302 -18.7275975159922,-71.1353481485606 -18.7146518517047,-71.1441720696278 -18.7000000000597,-71.1464288343525 -18.6964288339744,-71.149999999628 -18.6906482225906,-71.1658593409474 -18.6658593415828,-71.175770940364 -18.6500000001777,-71.1853784663451 -18.6353784669371,-71.20000000017 -18.6126162421836,-71.205043991083 -18.6050439912512,-71.2083261054494 -18.6000000001855,-71.225274001874 -18.5752740014597,-71.2263870504436 -18.5736129491603,-71.242280043552 -18.5499999999902,-71.2454828097294 -18.5454828098028,-71.2499999998137 -18.5389735755839,-71.2663117955923 -18.5163117960985,-71.2777929126087 -18.5000000002872,-71.2872561880198 -18.4872561882022,-71.3000000003557 -18.4697217716511,-71.3084817603177 -18.4584817602834,-71.3147396617421 -18.4500000000052,-71.3301836993293 -18.430183699795,-71.3499999999994 -18.4042009951955,-71.3518573207482 -18.4018573207011,-71.3532960777786 -18.3999999997133,-71.3682117963843 -18.3817882034529,-71.37433185043 -18.3743318497397,-71.3938740526491 -18.3499999999183,-71.3966856375545 -18.3466856378637,-71.3999999996431 -18.3426965317796,-71.4197708734075 -18.3197708738486,-71.4364468983046 -18.3000000002121,-71.4428334232064 -18.2928334231833,-71.4500000001851 -18.2846182346739,-71.4664505209964 -18.2664505209002,-71.481009721622 -18.2500000001237,-71.4901861541831 -18.2401861543478,-71.4999999998288 -18.2294568443585,-71.5143439551291 -18.2143439549167,-71.5276397660375 -18.1999999999729,-71.5387012260857 -18.1887012262098,-71.5500000003708 -18.1768927949963,-71.5633943411944 -18.1633943409619,-71.5763623020584 -18.1500000000176,-71.5883094021621 -18.1383094019452,-71.6000000000145 -18.1265933572009,-71.6135186038931 -18.1135186035124,-71.6271421004541 -18.0999999996007,-71.6389191988819 -18.0889191990128,-71.6499999996582 -18.0782301914365,-71.6646129653519 -18.0646129653821,-71.6798804893756 -18.0499999997108,-71.6904226881554 -18.0404226881129,-71.7000000002002 -18.0314923350458,-71.716559909762 -18.0165599099451,-71.7344200282896 -18.000000000422,-71.7427022311044 -17.9927022309124,-71.7499999998439 -17.9860949817815,-71.7692353743928 -17.9692353744327,-71.7905553030332 -17.9500000000384,-71.7956370321713 -17.9456370317074,-71.8000000003859 -17.9417841032321,-71.8225155444486 -17.9225155445383,-71.8480492499996 -17.9000000002206,-71.8491092494585 -17.8991092495741,-71.8500000000296 -17.8983386011977,-71.8603302538944 -17.8896697462247,-71.8763027631768 -17.8763027628835,-71.8999999996733 -17.8558404010346,-71.9031806115992 -17.8531806118066,-71.906861051539 -17.8500000000049,-71.9305168155138 -17.8305168158321,-71.9500000002153 -17.813947076742,-71.9576457628211 -17.8076457627757,-71.9666165934715 -17.8000000000773,-71.9850253688387 -17.7850253684549,-71.999999999859 -17.772439540439,-72.012364372802 -17.7623643732892,-72.0270295297154 -17.7500000002082,-72.0397497163594 -17.7397497156922,-72.050000000401 -17.7312117536326,-72.0672651377665 -17.7172651382599,-72.0879151073596 -17.7000000001084,-72.0946282300542 -17.6946282305796,-72.1000000000447 -17.6901841723014,-72.1222946492774 -17.6722946491444,-72.1491350702918 -17.650000000284,-72.1496166660988 -17.6496166660858,-72.1499999996884 -17.6493012024142,-72.1534625092386 -17.6465374905522,-72.1774592323728 -17.6274592327616,-72.2000000002304 -17.6088978215964,-72.2049512715313 -17.6049512720034,-72.2109423427736 -17.6000000003265,-72.2327450925231 -17.582745092863,-72.2499999998741 -17.5686047587048,-72.2603755971012 -17.5603755968855,-72.2729965396692 -17.549999999767,-72.2880994177728 -17.5380994178456,-72.2936693758779 -17.5335567731903,-72.0324197672715 -17.2270728409084,-72.0294545758423 -17.2294545754522,-72.0035539534136 -17.2499999997981,-72.0015845588499 -17.2515845595199,-71.999999999859 -17.2528410474279,-71.985698228546 -17.2643017717841,-71.973827808635 -17.2738278081647,-71.9500000002153 -17.2927020083561,-71.9459426729963 -17.2959426724189,-71.9408036978184 -17.2999999999693,-71.9181396254083 -17.3181396254036,-71.8999999996733 -17.3324641054788,-71.8902357670824 -17.3402357672454,-71.8778214226568 -17.3499999997772,-71.8623511470767 -17.3623511471968,-71.8500000000296 -17.3720780350449,-71.8344322491564 -17.3844322488508,-71.8145781321078 -17.4000000000423,-71.8064658043064 -17.4064658038486,-71.8000000003859 -17.411548973066,-71.7785451349083 -17.4285451352247,-71.7511366947667 -17.4499999998123,-71.7505041011437 -17.4505041011685,-71.7499999998439 -17.450900390091,-71.7456645371449 -17.4543354624296,-71.7226192412878 -17.4726192414998,-71.7000000002002 -17.4903581176238,-71.6946103483456 -17.4946103483761,-71.6877129371688 -17.499999999791,-71.6667098622954 -17.5167098619672,-71.6499999996582 -17.5298568890697,-71.638759249354 -17.5387592495077,-71.6244370171138 -17.549999999767,-71.610864556539 -17.560864556599,-71.6000000000145 -17.5694706327533,-71.5830202475333 -17.5830202473839,-71.5615650595606 -17.6000000003265,-71.5551706878748 -17.6051706882329,-71.5500000003708 -17.6093114507339,-71.5274896063495 -17.6274896067332,-71.5023930632367 -17.6476069364935,-71.4999999998288 -17.6495267674832,-71.4997382217718 -17.649738221478,-71.4994125124127 -17.650000000284,-71.4722869319912 -17.6722869321485,-71.4500000001851 -17.6904817089741,-71.4447786288344 -17.6947786281922,-71.4384086922227 -17.7000000001084,-71.4175280496377 -17.7175280500811,-71.3999999996431 -17.7321630524293,-71.3903199391944 -17.7403199392722,-71.378798841758 -17.7500000002082,-71.363331447075 -17.7633314477227,-71.3499999999994 -17.7747720696891,-71.3364878100919 -17.7864878101454,-71.3208743448522 -17.8000000000773,-71.3098248054478 -17.8098248055835,-71.3000000003557 -17.8185311012682,-71.2834041231482 -17.8334041227536,-71.2648683143218 -17.8500000000049,-71.2571291430962 -17.8571291431427,-71.2499999998137 -17.8636797895264,-71.2311807356842 -17.8811807351847,-71.2109411784966 -17.9000000002206,-71.2053525830443 -17.9053525829643,-71.20000000017 -17.9104698924303,-71.1799139192504 -17.9299139187582,-71.1591754314658 -17.9500000000384,-71.1545844133399 -17.9545844128605,-71.149999999628 -17.9591565585929,-71.1296798141521 -17.9796798145668,-71.1095808837307 -18.000000000422,-71.1048912970619 -18.0048912970519,-71.0999999999843 -18.0099886613842,-71.0805317255199 -18.0305317259277,-71.062106131894 -18.0499999997108,-71.0563148971748 -18.0563148968911,-71.0500000003406 -18.063196508437,-71.0324990471282 -18.0824990466554,-71.0166545953846 -18.0999999996007,-71.0088720606835 -18.108872060277,-70.9999999997986 -18.1189806159417,-70.9855884013573 -18.1355884011675,-70.973100875677 -18.1500000000176,-70.9625567518076 -18.1625567520294,-70.9500000001549 -18.1775014807354,-70.939786145493 -18.1897861453745,-70.9313057249191 -18.1999999999729,-70.9173439246186 -18.2173439245853,-70.8999999996129 -18.2388740683289,-70.8950623027542 -18.2450623028743,-70.8911273072123 -18.2500000001237,-70.873194275128 -18.2731942751762,-70.8608384505532 -18.289161549706,-70.8524523279313 -18.3000000002121,-70.8514017194604 -18.3014017195258,-70.8499999999692 -18.3032664378528,-70.8300621599361 -18.3300621602014,-70.8152127504731 -18.3499999999183,-70.8088335881634 -18.3588335881476,-70.8000000003255 -18.3710292781416,-70.7878954444171 -18.3878954437814,-70.7791994200902 -18.3999999997133,-70.7672035675177 -18.4172035675989,-70.7499999997835 -18.4418020094942,-70.7466425553922 -18.4466425556192,-70.74431158713 -18.4500000000052,-70.7325204534243 -18.4674795465942,-70.7264635186037 -18.4764635185448,-70.7113146440626 -18.4988691929441,-71.1114116170421 -18.754195548738)))",AI_C_Deep,Crust above interface (30 to 50 km),505783.93199800001,9988478056.21999931335
